TF_ID	Gene_ID	Family
Cucsa.283870.1	Cucsa.283870	RAV
Cucsa.147340.1	Cucsa.147340	RAV
Cucsa.142990.1	Cucsa.142990	RAV
Cucsa.350980.1	Cucsa.350980	RAV
Cucsa.000200.1	Cucsa.000200	WRKY
Cucsa.002880.1	Cucsa.002880	GRAS
Cucsa.002980.1	Cucsa.002980	NAC
Cucsa.005120.1	Cucsa.005120	bZIP
Cucsa.005120.2	Cucsa.005120	bZIP
Cucsa.005120.3	Cucsa.005120	bZIP
Cucsa.005360.1	Cucsa.005360	bHLH
Cucsa.005360.2	Cucsa.005360	bHLH
Cucsa.005490.1	Cucsa.005490	bHLH
Cucsa.005520.1	Cucsa.005520	Whirly
Cucsa.005520.2	Cucsa.005520	Whirly
Cucsa.006260.1	Cucsa.006260	GRAS
Cucsa.006340.1	Cucsa.006340	bHLH
Cucsa.010660.1	Cucsa.010660	bHLH
Cucsa.010690.1	Cucsa.010690	Dof
Cucsa.011210.1	Cucsa.011210	NAC
Cucsa.011210.2	Cucsa.011210	NAC
Cucsa.011300.1	Cucsa.011300	LBD
Cucsa.011620.1	Cucsa.011620	ZF-HD
Cucsa.011680.1	Cucsa.011680	LBD
Cucsa.012930.1	Cucsa.012930	bHLH
Cucsa.012940.1	Cucsa.012940	WRKY
Cucsa.014000.1	Cucsa.014000	TCP
Cucsa.016480.1	Cucsa.016480	HSF
Cucsa.019230.1	Cucsa.019230	FAR1
Cucsa.021440.1	Cucsa.021440	HSF
Cucsa.025370.1	Cucsa.025370	NF-YB
Cucsa.026590.1	Cucsa.026590	BBR-BPC
Cucsa.026600.1	Cucsa.026600	BBR-BPC
Cucsa.029580.1	Cucsa.029580	EIL
Cucsa.031210.1	Cucsa.031210	GRAS
Cucsa.031290.1	Cucsa.031290	bHLH
Cucsa.031350.1	Cucsa.031350	LBD
Cucsa.031600.1	Cucsa.031600	TCP
Cucsa.032230.1	Cucsa.032230	Nin-like
Cucsa.032330.1	Cucsa.032330	Dof
Cucsa.032500.1	Cucsa.032500	NAC
Cucsa.032880.1	Cucsa.032880	bZIP
Cucsa.032880.2	Cucsa.032880	bZIP
Cucsa.038810.1	Cucsa.038810	GATA
Cucsa.040380.1	Cucsa.040380	NAC
Cucsa.041490.1	Cucsa.041490	GRAS
Cucsa.041620.1	Cucsa.041620	GRAS
Cucsa.041700.1	Cucsa.041700	WRKY
Cucsa.041700.2	Cucsa.041700	WRKY
Cucsa.042000.1	Cucsa.042000	NF-YB
Cucsa.042150.1	Cucsa.042150	NF-YB
Cucsa.042160.1	Cucsa.042160	NF-YB
Cucsa.042170.1	Cucsa.042170	NF-YB
Cucsa.042310.1	Cucsa.042310	GRAS
Cucsa.042310.2	Cucsa.042310	GRAS
Cucsa.042320.1	Cucsa.042320	WRKY
Cucsa.042330.2	Cucsa.042320	WRKY
Cucsa.042340.3	Cucsa.042320	WRKY
Cucsa.042350.4	Cucsa.042320	WRKY
Cucsa.042390.1	Cucsa.042390	NAC
Cucsa.042390.2	Cucsa.042390	NAC
Cucsa.043160.1	Cucsa.043160	bHLH
Cucsa.043170.1	Cucsa.043170	bZIP
Cucsa.043300.1	Cucsa.043300	SRS
Cucsa.043300.2	Cucsa.043300	SRS
Cucsa.043300.3	Cucsa.043300	SRS
Cucsa.043350.1	Cucsa.043350	GATA
Cucsa.043420.1	Cucsa.043420	NAC
Cucsa.043580.1	Cucsa.043580	bHLH
Cucsa.044270.1	Cucsa.044270	Nin-like
Cucsa.044640.1	Cucsa.044640	FAR1
Cucsa.044690.1	Cucsa.044690	GRAS
Cucsa.045040.1	Cucsa.045040	WRKY
Cucsa.045610.1	Cucsa.045610	GeBP
Cucsa.045680.1	Cucsa.045680	bHLH
Cucsa.045680.2	Cucsa.045680	bHLH
Cucsa.046040.1	Cucsa.046040	Dof
Cucsa.046290.1	Cucsa.046290	Dof
Cucsa.046300.1	Cucsa.046300	Dof
Cucsa.046310.1	Cucsa.046310	SBP
Cucsa.046530.1	Cucsa.046530	NAC
Cucsa.046600.1	Cucsa.046600	VOZ
Cucsa.046960.1	Cucsa.046960	Dof
Cucsa.047180.1	Cucsa.047180	HSF
Cucsa.047510.1	Cucsa.047510	WRKY
Cucsa.047860.1	Cucsa.047860	TCP
Cucsa.047860.2	Cucsa.047860	TCP
Cucsa.047860.3	Cucsa.047860	TCP
Cucsa.048040.1	Cucsa.048040	LBD
Cucsa.048230.1	Cucsa.048230	NF-YA
Cucsa.048230.4	Cucsa.048230	NF-YA
Cucsa.048520.1	Cucsa.048520	WRKY
Cucsa.048930.1	Cucsa.048930	FAR1
Cucsa.048930.2	Cucsa.048930	FAR1
Cucsa.048930.3	Cucsa.048930	FAR1
Cucsa.049620.1	Cucsa.049620	WRKY
Cucsa.050160.1	Cucsa.050160	bHLH
Cucsa.050160.2	Cucsa.050160	bHLH
Cucsa.050160.4	Cucsa.050160	bHLH
Cucsa.050160.5	Cucsa.050160	bHLH
Cucsa.050160.8	Cucsa.050160	bHLH
Cucsa.050500.1	Cucsa.050500	Trihelix
Cucsa.051690.1	Cucsa.051690	NF-YC
Cucsa.051690.2	Cucsa.051690	NF-YC
Cucsa.052650.1	Cucsa.052650	Dof
Cucsa.052720.1	Cucsa.052720	LBD
Cucsa.053270.1	Cucsa.053270	GRAS
Cucsa.053440.1	Cucsa.053440	LBD
Cucsa.053450.1	Cucsa.053450	LBD
Cucsa.053540.1	Cucsa.053540	bHLH
Cucsa.053540.2	Cucsa.053540	bHLH
Cucsa.053890.1	Cucsa.053890	NAC
Cucsa.053890.2	Cucsa.053890	NAC
Cucsa.053890.3	Cucsa.053890	NAC
Cucsa.054000.1	Cucsa.054000	TCP
Cucsa.054040.1	Cucsa.054040	WRKY
Cucsa.054050.1	Cucsa.054050	SBP
Cucsa.055340.1	Cucsa.055340	GRAS
Cucsa.056080.1	Cucsa.056080	Nin-like
Cucsa.056150.1	Cucsa.056150	WRKY
Cucsa.056240.1	Cucsa.056240	NF-YC
Cucsa.058070.1	Cucsa.058070	STAT
Cucsa.058440.1	Cucsa.058440	FAR1
Cucsa.058440.2	Cucsa.058440	FAR1
Cucsa.058440.3	Cucsa.058440	FAR1
Cucsa.058710.1	Cucsa.058710	bHLH
Cucsa.058780.1	Cucsa.058780	NAC
Cucsa.059580.1	Cucsa.059580	bHLH
Cucsa.059580.2	Cucsa.059580	bHLH
Cucsa.060600.1	Cucsa.060600	NAC
Cucsa.061590.1	Cucsa.061590	bHLH
Cucsa.062320.1	Cucsa.062320	LBD
Cucsa.062530.1	Cucsa.062530	bZIP
Cucsa.065480.1	Cucsa.065480	Trihelix
Cucsa.066100.1	Cucsa.066100	Dof
Cucsa.066300.1	Cucsa.066300	WRKY
Cucsa.066850.1	Cucsa.066850	CAMTA
Cucsa.067270.1	Cucsa.067270	Trihelix
Cucsa.069460.1	Cucsa.069460	GATA
Cucsa.072940.1	Cucsa.072940	bHLH
Cucsa.072940.2	Cucsa.072940	bHLH
Cucsa.072940.3	Cucsa.072940	bHLH
Cucsa.073190.1	Cucsa.073190	WRKY
Cucsa.073190.2	Cucsa.073190	WRKY
Cucsa.074600.1	Cucsa.074600	NAC
Cucsa.074610.1	Cucsa.074610	NAC
Cucsa.075970.1	Cucsa.075970	bZIP
Cucsa.075970.2	Cucsa.075970	bZIP
Cucsa.076020.1	Cucsa.076020	TCP
Cucsa.076390.1	Cucsa.076390	NF-YC
Cucsa.076390.2	Cucsa.076390	NF-YC
Cucsa.077010.1	Cucsa.077010	Dof
Cucsa.077390.1	Cucsa.077390	NAC
Cucsa.077390.2	Cucsa.077390	NAC
Cucsa.077940.1	Cucsa.077940	NAC
Cucsa.078220.1	Cucsa.078220	Trihelix
Cucsa.078700.1	Cucsa.078700	bHLH
Cucsa.078700.2	Cucsa.078700	bHLH
Cucsa.078810.1	Cucsa.078810	WRKY
Cucsa.079030.1	Cucsa.079030	bZIP
Cucsa.079150.1	Cucsa.079150	GRAS
Cucsa.081320.1	Cucsa.081320	NAC
Cucsa.082270.1	Cucsa.082270	GRAS
Cucsa.083530.1	Cucsa.083530	NAC
Cucsa.083540.1	Cucsa.083540	NAC
Cucsa.083720.1	Cucsa.083720	E2F/DP
Cucsa.083720.2	Cucsa.083720	E2F/DP
Cucsa.083720.3	Cucsa.083720	E2F/DP
Cucsa.083720.4	Cucsa.083720	E2F/DP
Cucsa.084230.1	Cucsa.084230	HSF
Cucsa.084230.2	Cucsa.084230	HSF
Cucsa.086300.1	Cucsa.086300	bHLH
Cucsa.086310.2	Cucsa.086300	bHLH
Cucsa.086320.3	Cucsa.086300	bHLH
Cucsa.086330.4	Cucsa.086300	bHLH
Cucsa.086660.1	Cucsa.086660	YABBY
Cucsa.086660.2	Cucsa.086660	YABBY
Cucsa.086660.3	Cucsa.086660	YABBY
Cucsa.086660.4	Cucsa.086660	YABBY
Cucsa.086660.5	Cucsa.086660	YABBY
Cucsa.086660.6	Cucsa.086660	YABBY
Cucsa.086680.1	Cucsa.086680	NF-YC
Cucsa.087040.1	Cucsa.087040	SRS
Cucsa.087480.1	Cucsa.087480	NAC
Cucsa.087850.1	Cucsa.087850	WRKY
Cucsa.087900.1	Cucsa.087900	GRAS
Cucsa.088250.1	Cucsa.088250	bZIP
Cucsa.088250.2	Cucsa.088250	bZIP
Cucsa.088250.4	Cucsa.088250	bZIP
Cucsa.088960.1	Cucsa.088960	bHLH
Cucsa.088960.2	Cucsa.088960	bHLH
Cucsa.090320.1	Cucsa.090320	bHLH
Cucsa.090320.2	Cucsa.090320	bHLH
Cucsa.090320.3	Cucsa.090320	bHLH
Cucsa.091670.1	Cucsa.091670	bHLH
Cucsa.093390.1	Cucsa.093390	WRKY
Cucsa.093390.2	Cucsa.093390	WRKY
Cucsa.094340.1	Cucsa.094340	bHLH
Cucsa.094440.1	Cucsa.094440	FAR1
Cucsa.094760.1	Cucsa.094760	FAR1
Cucsa.095090.1	Cucsa.095090	WRKY
Cucsa.095090.2	Cucsa.095090	WRKY
Cucsa.095210.1	Cucsa.095210	NAC
Cucsa.095210.2	Cucsa.095210	NAC
Cucsa.095280.1	Cucsa.095280	bHLH
Cucsa.095280.3	Cucsa.095280	bHLH
Cucsa.095280.4	Cucsa.095280	bHLH
Cucsa.095510.1	Cucsa.095510	Nin-like
Cucsa.096040.1	Cucsa.096040	FAR1
Cucsa.096050.1	Cucsa.096050	FAR1
Cucsa.096680.1	Cucsa.096680	WRKY
Cucsa.096680.2	Cucsa.096680	WRKY
Cucsa.096680.3	Cucsa.096680	WRKY
Cucsa.096740.1	Cucsa.096740	bZIP
Cucsa.097490.1	Cucsa.097490	bHLH
Cucsa.097840.1	Cucsa.097840	bHLH
Cucsa.097890.1	Cucsa.097890	WRKY
Cucsa.098190.1	Cucsa.098190	E2F/DP
Cucsa.098190.2	Cucsa.098190	E2F/DP
Cucsa.098190.3	Cucsa.098190	E2F/DP
Cucsa.098430.1	Cucsa.098430	Dof
Cucsa.098680.1	Cucsa.098680	LBD
Cucsa.099390.1	Cucsa.099390	NAC
Cucsa.099970.1	Cucsa.099970	FAR1
Cucsa.100320.1	Cucsa.100320	FAR1
Cucsa.100440.1	Cucsa.100440	WRKY
Cucsa.100440.2	Cucsa.100440	WRKY
Cucsa.100440.3	Cucsa.100440	WRKY
Cucsa.100440.4	Cucsa.100440	WRKY
Cucsa.100920.1	Cucsa.100920	NAC
Cucsa.100920.5	Cucsa.100920	NAC
Cucsa.101020.1	Cucsa.101020	bHLH
Cucsa.101120.1	Cucsa.101120	GRAS
Cucsa.101460.1	Cucsa.101460	WRKY
Cucsa.101530.1	Cucsa.101530	WRKY
Cucsa.102120.1	Cucsa.102120	Dof
Cucsa.102190.1	Cucsa.102190	Dof
Cucsa.102410.1	Cucsa.102410	HSF
Cucsa.102530.1	Cucsa.102530	bHLH
Cucsa.102600.1	Cucsa.102600	WRKY
Cucsa.103040.1	Cucsa.103040	GRAS
Cucsa.103050.1	Cucsa.103050	LBD
Cucsa.103160.1	Cucsa.103160	GRAS
Cucsa.103380.1	Cucsa.103380	bZIP
Cucsa.103610.1	Cucsa.103610	bHLH
Cucsa.103620.1	Cucsa.103620	bHLH
Cucsa.103630.1	Cucsa.103630	bHLH
Cucsa.103630.2	Cucsa.103630	bHLH
Cucsa.103760.1	Cucsa.103760	bHLH
Cucsa.103760.2	Cucsa.103760	bHLH
Cucsa.103760.3	Cucsa.103760	bHLH
Cucsa.103760.4	Cucsa.103760	bHLH
Cucsa.103760.5	Cucsa.103760	bHLH
Cucsa.103860.1	Cucsa.103860	Dof
Cucsa.104100.1	Cucsa.104100	ZF-HD
Cucsa.104900.1	Cucsa.104900	BES1
Cucsa.104900.2	Cucsa.104900	BES1
Cucsa.104970.1	Cucsa.104970	bZIP
Cucsa.104970.10	Cucsa.104970	bZIP
Cucsa.104970.11	Cucsa.104970	bZIP
Cucsa.104970.2	Cucsa.104970	bZIP
Cucsa.104970.3	Cucsa.104970	bZIP
Cucsa.104970.4	Cucsa.104970	bZIP
Cucsa.104970.7	Cucsa.104970	bZIP
Cucsa.105540.1	Cucsa.105540	FAR1
Cucsa.106390.1	Cucsa.106390	bZIP
Cucsa.106490.1	Cucsa.106490	GATA
Cucsa.106510.1	Cucsa.106510	ZF-HD
Cucsa.106870.1	Cucsa.106870	NF-YC
Cucsa.106960.1	Cucsa.106960	WRKY
Cucsa.106970.1	Cucsa.106970	WRKY
Cucsa.106970.2	Cucsa.106970	WRKY
Cucsa.107310.1	Cucsa.107310	WRKY
Cucsa.107610.1	Cucsa.107610	HSF
Cucsa.109180.1	Cucsa.109180	GATA
Cucsa.109180.2	Cucsa.109180	GATA
Cucsa.109180.3	Cucsa.109180	GATA
Cucsa.109420.1	Cucsa.109420	bZIP
Cucsa.111110.1	Cucsa.111110	bHLH
Cucsa.111880.1	Cucsa.111880	TCP
Cucsa.111880.2	Cucsa.111880	TCP
Cucsa.111910.1	Cucsa.111910	WRKY
Cucsa.111910.2	Cucsa.111910	WRKY
Cucsa.112500.1	Cucsa.112500	NAC
Cucsa.112580.1	Cucsa.112580	bHLH
Cucsa.112620.1	Cucsa.112620	TCP
Cucsa.112770.1	Cucsa.112770	ZF-HD
Cucsa.112810.1	Cucsa.112810	Dof
Cucsa.112890.1	Cucsa.112890	NAC
Cucsa.113040.1	Cucsa.113040	bHLH
Cucsa.113300.1	Cucsa.113300	TCP
Cucsa.113410.1	Cucsa.113410	SBP
Cucsa.113410.2	Cucsa.113410	SBP
Cucsa.113470.1	Cucsa.113470	Dof
Cucsa.113490.1	Cucsa.113490	bHLH
Cucsa.113490.2	Cucsa.113490	bHLH
Cucsa.113490.3	Cucsa.113490	bHLH
Cucsa.113490.4	Cucsa.113490	bHLH
Cucsa.113510.1	Cucsa.113510	bZIP
Cucsa.113660.1	Cucsa.113660	TCP
Cucsa.114700.1	Cucsa.114700	Trihelix
Cucsa.114750.1	Cucsa.114750	Nin-like
Cucsa.114750.3	Cucsa.114750	Nin-like
Cucsa.114750.4	Cucsa.114750	Nin-like
Cucsa.114750.5	Cucsa.114750	Nin-like
Cucsa.116340.1	Cucsa.116340	HSF
Cucsa.116430.1	Cucsa.116430	CPP
Cucsa.116800.1	Cucsa.116800	NAC
Cucsa.117060.1	Cucsa.117060	bHLH
Cucsa.117100.1	Cucsa.117100	HSF
Cucsa.117770.1	Cucsa.117770	GRAS
Cucsa.118200.1	Cucsa.118200	WRKY
Cucsa.118320.1	Cucsa.118320	NAC
Cucsa.118330.1	Cucsa.118330	NAC
Cucsa.118340.1	Cucsa.118340	NAC
Cucsa.118370.1	Cucsa.118370	LBD
Cucsa.118620.1	Cucsa.118620	NAC
Cucsa.118900.1	Cucsa.118900	bZIP
Cucsa.119170.1	Cucsa.119170	bHLH
Cucsa.119310.1	Cucsa.119310	NAC
Cucsa.120240.1	Cucsa.120240	NF-YB
Cucsa.120310.1	Cucsa.120310	SAP
Cucsa.120390.1	Cucsa.120390	GRAS
Cucsa.120390.2	Cucsa.120390	GRAS
Cucsa.120390.3	Cucsa.120390	GRAS
Cucsa.120390.4	Cucsa.120390	GRAS
Cucsa.120600.1	Cucsa.120600	GRAS
Cucsa.120620.1	Cucsa.120620	SBP
Cucsa.120620.2	Cucsa.120620	SBP
Cucsa.120670.1	Cucsa.120670	bHLH
Cucsa.120830.1	Cucsa.120830	bHLH
Cucsa.120870.1	Cucsa.120870	NAC
Cucsa.121490.1	Cucsa.121490	bHLH
Cucsa.122080.1	Cucsa.122080	NF-X1
Cucsa.122170.1	Cucsa.122170	ZF-HD
Cucsa.122730.1	Cucsa.122730	TCP
Cucsa.122790.1	Cucsa.122790	bZIP
Cucsa.122890.1	Cucsa.122890	NAC
Cucsa.124180.1	Cucsa.124180	NF-YA
Cucsa.124180.2	Cucsa.124180	NF-YA
Cucsa.124180.3	Cucsa.124180	NF-YA
Cucsa.124180.5	Cucsa.124180	NF-YA
Cucsa.124180.6	Cucsa.124180	NF-YA
Cucsa.124240.1	Cucsa.124240	S1Fa-like
Cucsa.124600.1	Cucsa.124600	TCP
Cucsa.125330.1	Cucsa.125330	NAC
Cucsa.125970.1	Cucsa.125970	bHLH
Cucsa.126450.1	Cucsa.126450	NAC
Cucsa.126730.1	Cucsa.126730	bHLH
Cucsa.126800.1	Cucsa.126800	Dof
Cucsa.126810.1	Cucsa.126810	Dof
Cucsa.126810.2	Cucsa.126810	Dof
Cucsa.126810.3	Cucsa.126810	Dof
Cucsa.126820.1	Cucsa.126820	SBP
Cucsa.126960.1	Cucsa.126960	NAC
Cucsa.127020.1	Cucsa.127020	TCP
Cucsa.127390.1	Cucsa.127390	GRAS
Cucsa.127470.1	Cucsa.127470	GATA
Cucsa.127480.1	Cucsa.127480	ZF-HD
Cucsa.127480.2	Cucsa.127480	ZF-HD
Cucsa.127480.3	Cucsa.127480	ZF-HD
Cucsa.127910.1	Cucsa.127910	NF-YA
Cucsa.127910.3	Cucsa.127910	NF-YA
Cucsa.130030.1	Cucsa.130030	bHLH
Cucsa.132170.1	Cucsa.132170	YABBY
Cucsa.132170.2	Cucsa.132170	YABBY
Cucsa.132830.1	Cucsa.132830	bHLH
Cucsa.133290.1	Cucsa.133290	bZIP
Cucsa.133460.1	Cucsa.133460	GeBP
Cucsa.134500.1	Cucsa.134500	FAR1
Cucsa.134750.1	Cucsa.134750	bHLH
Cucsa.134770.1	Cucsa.134770	bHLH
Cucsa.134770.2	Cucsa.134770	bHLH
Cucsa.135490.1	Cucsa.135490	BES1
Cucsa.135490.2	Cucsa.135490	BES1
Cucsa.135510.1	Cucsa.135510	bHLH
Cucsa.135510.2	Cucsa.135510	bHLH
Cucsa.136670.1	Cucsa.136670	NF-X1
Cucsa.136730.1	Cucsa.136730	bHLH
Cucsa.136740.1	Cucsa.136740	LBD
Cucsa.137630.1	Cucsa.137630	GATA
Cucsa.138470.1	Cucsa.138470	SRS
Cucsa.138780.1	Cucsa.138780	GRAS
Cucsa.139480.1	Cucsa.139480	LBD
Cucsa.139730.1	Cucsa.139730	HSF
Cucsa.140430.1	Cucsa.140430	bHLH
Cucsa.142580.1	Cucsa.142580	bZIP
Cucsa.142580.2	Cucsa.142580	bZIP
Cucsa.142580.3	Cucsa.142580	bZIP
Cucsa.142680.1	Cucsa.142680	FAR1
Cucsa.142750.1	Cucsa.142750	EIL
Cucsa.142750.2	Cucsa.142750	EIL
Cucsa.142750.3	Cucsa.142750	EIL
Cucsa.142750.4	Cucsa.142750	EIL
Cucsa.143220.1	Cucsa.143220	EIL
Cucsa.143260.1	Cucsa.143260	bHLH
Cucsa.143260.2	Cucsa.143260	bHLH
Cucsa.143260.3	Cucsa.143260	bHLH
Cucsa.143360.1	Cucsa.143360	NF-YA
Cucsa.143830.1	Cucsa.143830	WRKY
Cucsa.143830.2	Cucsa.143830	WRKY
Cucsa.143840.1	Cucsa.143840	WRKY
Cucsa.143950.1	Cucsa.143950	bZIP
Cucsa.144080.1	Cucsa.144080	LBD
Cucsa.144430.1	Cucsa.144430	LBD
Cucsa.147580.1	Cucsa.147580	bHLH
Cucsa.148220.1	Cucsa.148220	GRAS
Cucsa.148220.2	Cucsa.148220	GRAS
Cucsa.148240.1	Cucsa.148240	bHLH
Cucsa.148250.1	Cucsa.148250	GeBP
Cucsa.148640.1	Cucsa.148640	WRKY
Cucsa.148840.1	Cucsa.148840	bZIP
Cucsa.149510.1	Cucsa.149510	NF-YA
Cucsa.150740.1	Cucsa.150740	NAC
Cucsa.153540.1	Cucsa.153540	GATA
Cucsa.155340.1	Cucsa.155340	bHLH
Cucsa.156040.1	Cucsa.156040	bHLH
Cucsa.156880.1	Cucsa.156880	LFY
Cucsa.157010.1	Cucsa.157010	bHLH
Cucsa.157080.1	Cucsa.157080	NAC
Cucsa.157230.1	Cucsa.157230	SBP
Cucsa.157300.1	Cucsa.157300	NF-YC
Cucsa.157420.1	Cucsa.157420	Trihelix
Cucsa.158040.1	Cucsa.158040	WRKY
Cucsa.158180.1	Cucsa.158180	NAC
Cucsa.158180.2	Cucsa.158180	NAC
Cucsa.158320.1	Cucsa.158320	ZF-HD
Cucsa.158330.1	Cucsa.158330	ZF-HD
Cucsa.158390.1	Cucsa.158390	bHLH
Cucsa.158540.1	Cucsa.158540	LBD
Cucsa.159620.1	Cucsa.159620	SRS
Cucsa.159750.1	Cucsa.159750	BBR-BPC
Cucsa.159750.2	Cucsa.159750	BBR-BPC
Cucsa.159820.1	Cucsa.159820	E2F/DP
Cucsa.160250.1	Cucsa.160250	bHLH
Cucsa.160390.1	Cucsa.160390	ZF-HD
Cucsa.160520.1	Cucsa.160520	GATA
Cucsa.160520.2	Cucsa.160520	GATA
Cucsa.160520.3	Cucsa.160520	GATA
Cucsa.160520.4	Cucsa.160520	GATA
Cucsa.160520.5	Cucsa.160520	GATA
Cucsa.160520.6	Cucsa.160520	GATA
Cucsa.160520.7	Cucsa.160520	GATA
Cucsa.160530.1	Cucsa.160530	GATA
Cucsa.160650.1	Cucsa.160650	bHLH
Cucsa.160860.1	Cucsa.160860	bHLH
Cucsa.160860.2	Cucsa.160860	bHLH
Cucsa.161160.1	Cucsa.161160	GATA
Cucsa.161230.1	Cucsa.161230	LBD
Cucsa.161510.1	Cucsa.161510	NAC
Cucsa.161540.1	Cucsa.161540	bZIP
Cucsa.162360.1	Cucsa.162360	bZIP
Cucsa.162360.2	Cucsa.162360	bZIP
Cucsa.162810.1	Cucsa.162810	WRKY
Cucsa.162820.1	Cucsa.162820	WRKY
Cucsa.163550.1	Cucsa.163550	bHLH
Cucsa.163680.1	Cucsa.163680	NAC
Cucsa.164290.1	Cucsa.164290	HSF
Cucsa.165150.1	Cucsa.165150	LBD
Cucsa.165340.1	Cucsa.165340	Dof
Cucsa.165970.1	Cucsa.165970	NF-YB
Cucsa.166030.1	Cucsa.166030	LBD
Cucsa.166140.1	Cucsa.166140	FAR1
Cucsa.166230.1	Cucsa.166230	TCP
Cucsa.167440.1	Cucsa.167440	bHLH
Cucsa.167500.1	Cucsa.167500	WRKY
Cucsa.168280.1	Cucsa.168280	CPP
Cucsa.168370.1	Cucsa.168370	WRKY
Cucsa.169240.1	Cucsa.169240	bHLH
Cucsa.171660.1	Cucsa.171660	NAC
Cucsa.172400.1	Cucsa.172400	Dof
Cucsa.173670.1	Cucsa.173670	NAC
Cucsa.174120.1	Cucsa.174120	HSF
Cucsa.174460.1	Cucsa.174460	LBD
Cucsa.174600.1	Cucsa.174600	bHLH
Cucsa.174600.2	Cucsa.174600	bHLH
Cucsa.174600.3	Cucsa.174600	bHLH
Cucsa.174600.5	Cucsa.174600	bHLH
Cucsa.174700.1	Cucsa.174700	bZIP
Cucsa.175050.1	Cucsa.175050	NAC
Cucsa.175390.1	Cucsa.175390	Dof
Cucsa.175500.1	Cucsa.175500	GRAS
Cucsa.175670.1	Cucsa.175670	NAC
Cucsa.175730.1	Cucsa.175730	bHLH
Cucsa.175730.2	Cucsa.175730	bHLH
Cucsa.175730.3	Cucsa.175730	bHLH
Cucsa.176780.1	Cucsa.176780	WRKY
Cucsa.176780.2	Cucsa.176780	WRKY
Cucsa.177060.1	Cucsa.177060	WRKY
Cucsa.177230.1	Cucsa.177230	WRKY
Cucsa.177230.2	Cucsa.177230	WRKY
Cucsa.178140.1	Cucsa.178140	bHLH
Cucsa.178830.1	Cucsa.178830	LBD
Cucsa.180010.1	Cucsa.180010	GRAS
Cucsa.180080.1	Cucsa.180080	FAR1
Cucsa.180080.2	Cucsa.180080	FAR1
Cucsa.180090.1	Cucsa.180090	FAR1
Cucsa.180090.2	Cucsa.180090	FAR1
Cucsa.180090.3	Cucsa.180090	FAR1
Cucsa.180580.1	Cucsa.180580	Trihelix
Cucsa.182020.1	Cucsa.182020	NF-YB
Cucsa.182040.1	Cucsa.182040	NF-YB
Cucsa.182170.1	Cucsa.182170	NF-YC
Cucsa.182170.2	Cucsa.182170	NF-YC
Cucsa.182170.3	Cucsa.182170	NF-YC
Cucsa.184420.1	Cucsa.184420	bHLH
Cucsa.184670.1	Cucsa.184670	bZIP
Cucsa.184670.2	Cucsa.184670	bZIP
Cucsa.184670.3	Cucsa.184670	bZIP
Cucsa.184670.4	Cucsa.184670	bZIP
Cucsa.184670.5	Cucsa.184670	bZIP
Cucsa.184810.1	Cucsa.184810	bHLH
Cucsa.185740.1	Cucsa.185740	NF-YB
Cucsa.185740.2	Cucsa.185740	NF-YB
Cucsa.185760.1	Cucsa.185760	NAC
Cucsa.185800.1	Cucsa.185800	NAC
Cucsa.185850.1	Cucsa.185850	E2F/DP
Cucsa.185850.2	Cucsa.185850	E2F/DP
Cucsa.186150.1	Cucsa.186150	NAC
Cucsa.192470.1	Cucsa.192470	SBP
Cucsa.193020.1	Cucsa.193020	GRAS
Cucsa.193210.1	Cucsa.193210	Trihelix
Cucsa.193210.2	Cucsa.193210	Trihelix
Cucsa.193210.3	Cucsa.193210	Trihelix
Cucsa.193460.1	Cucsa.193460	NAC
Cucsa.194390.1	Cucsa.194390	GATA
Cucsa.195730.1	Cucsa.195730	WRKY
Cucsa.195790.1	Cucsa.195790	Trihelix
Cucsa.196000.1	Cucsa.196000	SBP
Cucsa.196250.1	Cucsa.196250	GRAS
Cucsa.196600.1	Cucsa.196600	LBD
Cucsa.197250.1	Cucsa.197250	E2F/DP
Cucsa.197380.1	Cucsa.197380	bHLH
Cucsa.197550.1	Cucsa.197550	WRKY
Cucsa.197550.2	Cucsa.197550	WRKY
Cucsa.197610.1	Cucsa.197610	bHLH
Cucsa.197630.1	Cucsa.197630	bHLH
Cucsa.197630.2	Cucsa.197630	bHLH
Cucsa.197630.3	Cucsa.197630	bHLH
Cucsa.197650.1	Cucsa.197650	TCP
Cucsa.197680.1	Cucsa.197680	ZF-HD
Cucsa.197700.1	Cucsa.197700	Nin-like
Cucsa.197750.1	Cucsa.197750	Dof
Cucsa.197830.1	Cucsa.197830	NAC
Cucsa.198000.1	Cucsa.198000	bHLH
Cucsa.198300.1	Cucsa.198300	TCP
Cucsa.198520.1	Cucsa.198520	bHLH
Cucsa.198560.1	Cucsa.198560	Dof
Cucsa.198630.1	Cucsa.198630	SBP
Cucsa.198760.1	Cucsa.198760	NF-YB
Cucsa.198860.1	Cucsa.198860	TCP
Cucsa.199060.1	Cucsa.199060	LBD
Cucsa.199090.1	Cucsa.199090	NAC
Cucsa.199800.1	Cucsa.199800	bZIP
Cucsa.199800.2	Cucsa.199800	bZIP
Cucsa.199800.3	Cucsa.199800	bZIP
Cucsa.200860.1	Cucsa.200860	bHLH
Cucsa.201140.1	Cucsa.201140	SRS
Cucsa.201200.1	Cucsa.201200	GATA
Cucsa.201250.1	Cucsa.201250	GRAS
Cucsa.201260.1	Cucsa.201260	GRAS
Cucsa.201400.1	Cucsa.201400	GRAS
Cucsa.201470.1	Cucsa.201470	NF-YB
Cucsa.201510.1	Cucsa.201510	bZIP
Cucsa.201510.2	Cucsa.201510	bZIP
Cucsa.201510.3	Cucsa.201510	bZIP
Cucsa.201510.4	Cucsa.201510	bZIP
Cucsa.201510.5	Cucsa.201510	bZIP
Cucsa.201510.6	Cucsa.201510	bZIP
Cucsa.201510.7	Cucsa.201510	bZIP
Cucsa.201710.1	Cucsa.201710	WRKY
Cucsa.202290.1	Cucsa.202290	Dof
Cucsa.203800.1	Cucsa.203800	Trihelix
Cucsa.204000.1	Cucsa.204000	Trihelix
Cucsa.204920.1	Cucsa.204920	WRKY
Cucsa.205010.1	Cucsa.205010	GRAS
Cucsa.205050.1	Cucsa.205050	bZIP
Cucsa.205230.1	Cucsa.205230	GATA
Cucsa.206000.1	Cucsa.206000	HSF
Cucsa.207390.1	Cucsa.207390	LBD
Cucsa.207400.1	Cucsa.207400	LBD
Cucsa.207460.1	Cucsa.207460	Dof
Cucsa.212790.1	Cucsa.212790	BES1
Cucsa.212820.1	Cucsa.212820	HSF
Cucsa.212870.1	Cucsa.212870	WRKY
Cucsa.213110.1	Cucsa.213110	Trihelix
Cucsa.213110.2	Cucsa.213110	Trihelix
Cucsa.213110.3	Cucsa.213110	Trihelix
Cucsa.213110.4	Cucsa.213110	Trihelix
Cucsa.213120.1	Cucsa.213120	Trihelix
Cucsa.213120.2	Cucsa.213120	Trihelix
Cucsa.213120.3	Cucsa.213120	Trihelix
Cucsa.213150.1	Cucsa.213150	Dof
Cucsa.213230.1	Cucsa.213230	bHLH
Cucsa.213830.1	Cucsa.213830	Dof
Cucsa.215290.1	Cucsa.215290	TCP
Cucsa.217940.1	Cucsa.217940	CAMTA
Cucsa.217940.2	Cucsa.217940	CAMTA
Cucsa.218190.1	Cucsa.218190	GATA
Cucsa.218800.1	Cucsa.218800	bHLH
Cucsa.219180.1	Cucsa.219180	bHLH
Cucsa.219780.1	Cucsa.219780	bZIP
Cucsa.219780.2	Cucsa.219780	bZIP
Cucsa.219850.1	Cucsa.219850	bHLH
Cucsa.228100.1	Cucsa.228100	NAC
Cucsa.228480.1	Cucsa.228480	NAC
Cucsa.228480.2	Cucsa.228480	NAC
Cucsa.228750.1	Cucsa.228750	BES1
Cucsa.228750.2	Cucsa.228750	BES1
Cucsa.232110.1	Cucsa.232110	ZF-HD
Cucsa.232340.1	Cucsa.232340	BES1
Cucsa.232360.1	Cucsa.232360	NAC
Cucsa.232530.1	Cucsa.232530	Dof
Cucsa.234080.1	Cucsa.234080	bHLH
Cucsa.234250.1	Cucsa.234250	bZIP
Cucsa.234250.2	Cucsa.234250	bZIP
Cucsa.234250.3	Cucsa.234250	bZIP
Cucsa.234250.4	Cucsa.234250	bZIP
Cucsa.236170.1	Cucsa.236170	NAC
Cucsa.236600.1	Cucsa.236600	LBD
Cucsa.237770.1	Cucsa.237770	Whirly
Cucsa.237820.1	Cucsa.237820	NAC
Cucsa.238090.1	Cucsa.238090	TCP
Cucsa.238410.1	Cucsa.238410	bZIP
Cucsa.239590.1	Cucsa.239590	WRKY
Cucsa.239650.1	Cucsa.239650	NAC
Cucsa.239660.1	Cucsa.239660	LBD
Cucsa.240210.1	Cucsa.240210	NAC
Cucsa.240650.1	Cucsa.240650	NAC
Cucsa.240980.1	Cucsa.240980	bZIP
Cucsa.240980.2	Cucsa.240980	bZIP
Cucsa.240980.3	Cucsa.240980	bZIP
Cucsa.241090.1	Cucsa.241090	bZIP
Cucsa.241900.1	Cucsa.241900	Dof
Cucsa.241980.1	Cucsa.241980	NF-YA
Cucsa.242790.1	Cucsa.242790	SBP
Cucsa.242870.1	Cucsa.242870	bZIP
Cucsa.242910.1	Cucsa.242910	bHLH
Cucsa.242910.2	Cucsa.242910	bHLH
Cucsa.242940.1	Cucsa.242940	bHLH
Cucsa.242980.1	Cucsa.242980	FAR1
Cucsa.243990.1	Cucsa.243990	NF-YB
Cucsa.247040.1	Cucsa.247040	WRKY
Cucsa.248080.1	Cucsa.248080	bZIP
Cucsa.249390.1	Cucsa.249390	NAC
Cucsa.250070.1	Cucsa.250070	Trihelix
Cucsa.250310.1	Cucsa.250310	WRKY
Cucsa.250350.1	Cucsa.250350	WRKY
Cucsa.250350.2	Cucsa.250350	WRKY
Cucsa.250560.1	Cucsa.250560	LBD
Cucsa.250570.1	Cucsa.250570	LBD
Cucsa.250990.1	Cucsa.250990	LBD
Cucsa.251110.1	Cucsa.251110	TCP
Cucsa.251210.1	Cucsa.251210	bHLH
Cucsa.251220.1	Cucsa.251220	bHLH
Cucsa.251620.1	Cucsa.251620	NAC
Cucsa.251830.1	Cucsa.251830	bHLH
Cucsa.251880.1	Cucsa.251880	bZIP
Cucsa.251880.2	Cucsa.251880	bZIP
Cucsa.252440.1	Cucsa.252440	WRKY
Cucsa.252730.1	Cucsa.252730	GATA
Cucsa.253690.1	Cucsa.253690	SBP
Cucsa.253860.1	Cucsa.253860	FAR1
Cucsa.254010.1	Cucsa.254010	bHLH
Cucsa.254540.1	Cucsa.254540	CPP
Cucsa.254620.1	Cucsa.254620	HSF
Cucsa.255290.1	Cucsa.255290	bHLH
Cucsa.256420.1	Cucsa.256420	bHLH
Cucsa.256700.1	Cucsa.256700	HSF
Cucsa.256710.1	Cucsa.256710	Trihelix
Cucsa.257700.1	Cucsa.257700	LBD
Cucsa.258700.1	Cucsa.258700	WRKY
Cucsa.258730.1	Cucsa.258730	WRKY
Cucsa.258940.1	Cucsa.258940	bZIP
Cucsa.258940.2	Cucsa.258940	bZIP
Cucsa.258940.7	Cucsa.258940	bZIP
Cucsa.258940.8	Cucsa.258940	bZIP
Cucsa.258940.9	Cucsa.258940	bZIP
Cucsa.259110.1	Cucsa.259110	WRKY
Cucsa.259300.1	Cucsa.259300	bHLH
Cucsa.259380.1	Cucsa.259380	Dof
Cucsa.259800.1	Cucsa.259800	SBP
Cucsa.260060.1	Cucsa.260060	WRKY
Cucsa.260110.1	Cucsa.260110	bHLH
Cucsa.260110.2	Cucsa.260110	bHLH
Cucsa.260210.1	Cucsa.260210	Dof
Cucsa.260400.1	Cucsa.260400	NAC
Cucsa.263480.1	Cucsa.263480	E2F/DP
Cucsa.265620.1	Cucsa.265620	NAC
Cucsa.265990.1	Cucsa.265990	bHLH
Cucsa.267130.1	Cucsa.267130	bHLH
Cucsa.267170.1	Cucsa.267170	bHLH
Cucsa.267170.2	Cucsa.267170	bHLH
Cucsa.267170.3	Cucsa.267170	bHLH
Cucsa.271570.1	Cucsa.271570	WRKY
Cucsa.272130.1	Cucsa.272130	Nin-like
Cucsa.272130.2	Cucsa.272130	Nin-like
Cucsa.272370.1	Cucsa.272370	NAC
Cucsa.272470.1	Cucsa.272470	bZIP
Cucsa.272530.1	Cucsa.272530	SBP
Cucsa.273280.1	Cucsa.273280	NAC
Cucsa.273460.1	Cucsa.273460	TCP
Cucsa.273670.1	Cucsa.273670	BES1
Cucsa.274650.1	Cucsa.274650	bZIP
Cucsa.275710.1	Cucsa.275710	LBD
Cucsa.277250.1	Cucsa.277250	bHLH
Cucsa.278200.1	Cucsa.278200	NF-YB
Cucsa.280310.1	Cucsa.280310	GRAS
Cucsa.280880.1	Cucsa.280880	TCP
Cucsa.282040.1	Cucsa.282040	WRKY
Cucsa.282100.1	Cucsa.282100	bHLH
Cucsa.282100.2	Cucsa.282100	bHLH
Cucsa.282100.5	Cucsa.282100	bHLH
Cucsa.283560.1	Cucsa.283560	LBD
Cucsa.283900.1	Cucsa.283900	NAC
Cucsa.283920.1	Cucsa.283920	bHLH
Cucsa.283930.1	Cucsa.283930	TCP
Cucsa.284240.1	Cucsa.284240	bZIP
Cucsa.284270.1	Cucsa.284270	bHLH
Cucsa.284270.2	Cucsa.284270	bHLH
Cucsa.284430.1	Cucsa.284430	YABBY
Cucsa.284730.1	Cucsa.284730	WRKY
Cucsa.284890.1	Cucsa.284890	NAC
Cucsa.284990.1	Cucsa.284990	Dof
Cucsa.285090.1	Cucsa.285090	ZF-HD
Cucsa.285120.1	Cucsa.285120	NAC
Cucsa.285170.1	Cucsa.285170	TCP
Cucsa.285230.1	Cucsa.285230	bHLH
Cucsa.286080.1	Cucsa.286080	bHLH
Cucsa.286190.1	Cucsa.286190	YABBY
Cucsa.288680.1	Cucsa.288680	NAC
Cucsa.288680.2	Cucsa.288680	NAC
Cucsa.288940.1	Cucsa.288940	GeBP
Cucsa.289090.1	Cucsa.289090	bHLH
Cucsa.289120.1	Cucsa.289120	bZIP
Cucsa.289120.2	Cucsa.289120	bZIP
Cucsa.289120.3	Cucsa.289120	bZIP
Cucsa.291770.1	Cucsa.291770	Trihelix
Cucsa.295080.1	Cucsa.295080	YABBY
Cucsa.299710.1	Cucsa.299710	Nin-like
Cucsa.300610.1	Cucsa.300610	WRKY
Cucsa.300610.2	Cucsa.300610	WRKY
Cucsa.300610.3	Cucsa.300610	WRKY
Cucsa.300610.4	Cucsa.300610	WRKY
Cucsa.300810.1	Cucsa.300810	LBD
Cucsa.302100.1	Cucsa.302100	YABBY
Cucsa.302100.2	Cucsa.302100	YABBY
Cucsa.302120.1	Cucsa.302120	NAC
Cucsa.302570.1	Cucsa.302570	bHLH
Cucsa.302580.1	Cucsa.302580	bHLH
Cucsa.302590.1	Cucsa.302590	bHLH
Cucsa.304130.1	Cucsa.304130	Dof
Cucsa.307040.1	Cucsa.307040	S1Fa-like
Cucsa.307040.2	Cucsa.307040	S1Fa-like
Cucsa.307210.1	Cucsa.307210	NF-YB
Cucsa.307210.2	Cucsa.307210	NF-YB
Cucsa.307210.3	Cucsa.307210	NF-YB
Cucsa.307210.5	Cucsa.307210	NF-YB
Cucsa.307270.1	Cucsa.307270	WRKY
Cucsa.307270.2	Cucsa.307270	WRKY
Cucsa.307820.1	Cucsa.307820.1	bZIP
Cucsa.307880.1	Cucsa.307880	Trihelix
Cucsa.307920.1	Cucsa.307920	SRS
Cucsa.308180.1	Cucsa.308180	GRAS
Cucsa.308400.1	Cucsa.308400	GATA
Cucsa.308760.1	Cucsa.308760	NAC
Cucsa.308760.2	Cucsa.308760	NAC
Cucsa.308760.3	Cucsa.308760	NAC
Cucsa.308770.1	Cucsa.308770	NAC
Cucsa.308770.2	Cucsa.308770	NAC
Cucsa.308970.1	Cucsa.308970	Trihelix
Cucsa.309420.1	Cucsa.309420	bZIP
Cucsa.309430.1	Cucsa.309430	LBD
Cucsa.309470.1	Cucsa.309470	VOZ
Cucsa.310210.1	Cucsa.310210	FAR1
Cucsa.310450.1	Cucsa.310450	bZIP
Cucsa.311060.1	Cucsa.311060	WRKY
Cucsa.311190.1	Cucsa.311190	Trihelix
Cucsa.311190.2	Cucsa.311190	Trihelix
Cucsa.312190.1	Cucsa.312190	bHLH
Cucsa.312530.1	Cucsa.312530	GATA
Cucsa.312800.1	Cucsa.312800	bZIP
Cucsa.313010.1	Cucsa.313010	bHLH
Cucsa.313090.1	Cucsa.313090	bHLH
Cucsa.313350.1	Cucsa.313350	NAC
Cucsa.313750.1	Cucsa.313750	GATA
Cucsa.319680.1	Cucsa.319680	NAC
Cucsa.319840.1	Cucsa.319840	NAC
Cucsa.320590.1	Cucsa.320590	NAC
Cucsa.320600.1	Cucsa.320600	YABBY
Cucsa.320600.2	Cucsa.320600	YABBY
Cucsa.320850.1	Cucsa.320850	GRAS
Cucsa.320850.2	Cucsa.320850	GRAS
Cucsa.321290.1	Cucsa.321290	GATA
Cucsa.321290.2	Cucsa.321290	GATA
Cucsa.321510.1	Cucsa.321510	SRS
Cucsa.321840.1	Cucsa.321840	bHLH
Cucsa.321980.1	Cucsa.321980	HSF
Cucsa.322110.1	Cucsa.322110	bZIP
Cucsa.322110.2	Cucsa.322110	bZIP
Cucsa.322470.1	Cucsa.322470	bHLH
Cucsa.322560.1	Cucsa.322560	bHLH
Cucsa.322810.1	Cucsa.322810	bZIP
Cucsa.325250.1	Cucsa.325250	CAMTA
Cucsa.325250.4	Cucsa.325250	CAMTA
Cucsa.326100.1	Cucsa.326100	LBD
Cucsa.327760.1	Cucsa.327760	WRKY
Cucsa.328060.1	Cucsa.328060	bHLH
Cucsa.328060.2	Cucsa.328060	bHLH
Cucsa.328060.3	Cucsa.328060	bHLH
Cucsa.330590.1	Cucsa.330590	LBD
Cucsa.332360.1	Cucsa.332360	CPP
Cucsa.332450.1	Cucsa.332450	bHLH
Cucsa.332450.2	Cucsa.332450	bHLH
Cucsa.332450.3	Cucsa.332450	bHLH
Cucsa.332450.6	Cucsa.332450	bHLH
Cucsa.332450.7	Cucsa.332450	bHLH
Cucsa.337510.1	Cucsa.337510	bZIP
Cucsa.337740.1	Cucsa.337740	bZIP
Cucsa.337740.2	Cucsa.337740	bZIP
Cucsa.337740.3	Cucsa.337740	bZIP
Cucsa.337740.4	Cucsa.337740	bZIP
Cucsa.337740.5	Cucsa.337740	bZIP
Cucsa.338050.1	Cucsa.338050	Dof
Cucsa.338130.1	Cucsa.338130	LBD
Cucsa.338180.1	Cucsa.338180	HSF
Cucsa.338700.1	Cucsa.338700	NAC
Cucsa.338700.2	Cucsa.338700	NAC
Cucsa.338700.3	Cucsa.338700	NAC
Cucsa.338740.1	Cucsa.338740	Dof
Cucsa.338950.1	Cucsa.338950	ZF-HD
Cucsa.339980.1	Cucsa.339980	LBD
Cucsa.340200.1	Cucsa.340200	bHLH
Cucsa.340570.1	Cucsa.340570	GATA
Cucsa.341290.1	Cucsa.341290	Dof
Cucsa.341410.1	Cucsa.341410	bHLH
Cucsa.341790.1	Cucsa.341790	NAC
Cucsa.341800.1	Cucsa.341800	NAC
Cucsa.341800.2	Cucsa.341800	NAC
Cucsa.341850.1	Cucsa.341850	LBD
Cucsa.342640.1	Cucsa.342640	bHLH
Cucsa.342640.2	Cucsa.342640	bHLH
Cucsa.342680.1	Cucsa.342680	bZIP
Cucsa.342770.1	Cucsa.342770	SRS
Cucsa.345830.1	Cucsa.345830	NAC
Cucsa.345910.1	Cucsa.345910	SRS
Cucsa.345940.1	Cucsa.345940	NF-YC
Cucsa.345940.2	Cucsa.345940	NF-YC
Cucsa.345940.3	Cucsa.345940	NF-YC
Cucsa.345940.4	Cucsa.345940	NF-YC
Cucsa.349220.1	Cucsa.349220	Trihelix
Cucsa.349370.1	Cucsa.349370	NAC
Cucsa.349500.1	Cucsa.349500	TCP
Cucsa.349620.1	Cucsa.349620	SBP
Cucsa.349690.1	Cucsa.349690	CAMTA
Cucsa.349890.1	Cucsa.349890	Dof
Cucsa.350940.1	Cucsa.350940	bHLH
Cucsa.352300.1	Cucsa.352300	bHLH
Cucsa.352320.1	Cucsa.352320	HSF
Cucsa.352340.1	Cucsa.352340	NAC
Cucsa.352340.2	Cucsa.352340	NAC
Cucsa.352410.1	Cucsa.352410	WRKY
Cucsa.352410.2	Cucsa.352410	WRKY
Cucsa.352410.3	Cucsa.352410	WRKY
Cucsa.352730.1	Cucsa.352730	LBD
Cucsa.352750.1	Cucsa.352750	bHLH
Cucsa.353000.1	Cucsa.353000	bZIP
Cucsa.353050.1	Cucsa.353050	bHLH
Cucsa.353050.2	Cucsa.353050	bHLH
Cucsa.353050.3	Cucsa.353050	bHLH
Cucsa.353330.1	Cucsa.353330	GATA
Cucsa.355680.1	Cucsa.355680	HSF
Cucsa.356720.1	Cucsa.356720	WRKY
Cucsa.358620.1	Cucsa.358620	LBD
Cucsa.358990.1	Cucsa.358990	Trihelix
Cucsa.359290.1	Cucsa.359290	bHLH
Cucsa.359570.1	Cucsa.359570	GATA
Cucsa.359570.5	Cucsa.359570	GATA
Cucsa.359570.6	Cucsa.359570	GATA
Cucsa.359990.1	Cucsa.359990	Trihelix
Cucsa.360250.1	Cucsa.360250	GRAS
Cucsa.360530.1	Cucsa.360530	LBD
Cucsa.360770.1	Cucsa.360770	bHLH
Cucsa.361150.1	Cucsa.361150	GATA
Cucsa.362140.1	Cucsa.362140	GRAS
Cucsa.362830.1	Cucsa.362830	LBD
Cucsa.362840.1	Cucsa.362840	LBD
Cucsa.363020.1	Cucsa.363020	TCP
Cucsa.363640.1	Cucsa.363640	bZIP
Cucsa.363680.1	Cucsa.363680	Trihelix
Cucsa.363680.2	Cucsa.363680	Trihelix
Cucsa.363740.1	Cucsa.363740	bZIP
Cucsa.363740.2	Cucsa.363740	bZIP
Cucsa.364130.1	Cucsa.364130	NAC
Cucsa.364130.2	Cucsa.364130	NAC
Cucsa.364340.1	Cucsa.364340	EIL
Cucsa.364340.2	Cucsa.364340	EIL
Cucsa.364340.3	Cucsa.364340	EIL
Cucsa.364380.1	Cucsa.364380	bZIP
Cucsa.364380.2	Cucsa.364380	bZIP
Cucsa.364380.3	Cucsa.364380	bZIP
Cucsa.364380.4	Cucsa.364380	bZIP
Cucsa.364380.5	Cucsa.364380	bZIP
Cucsa.364870.1	Cucsa.364870	Trihelix
Cucsa.364870.2	Cucsa.364870	Trihelix
Cucsa.365230.1	Cucsa.365230	GRAS
Cucsa.365420.1	Cucsa.365420	bZIP
Cucsa.366890.1	Cucsa.366890	bHLH
Cucsa.366960.1	Cucsa.366960	GRAS
Cucsa.370520.1	Cucsa.370520	NAC
Cucsa.370550.1	Cucsa.370550	bZIP
Cucsa.371810.1	Cucsa.371810	bHLH
Cucsa.374330.1	Cucsa.374330	bHLH
Cucsa.374330.2	Cucsa.374330	bHLH
Cucsa.374330.3	Cucsa.374330	bHLH
Cucsa.374330.4	Cucsa.374330	bHLH
Cucsa.374400.1	Cucsa.374400	bZIP
Cucsa.374630.1	Cucsa.374630	NF-YA
Cucsa.377700.1	Cucsa.377700	bHLH
Cucsa.378480.1	Cucsa.378480	Trihelix
Cucsa.378560.1	Cucsa.378560	HSF
Cucsa.378670.1	Cucsa.378670	Trihelix
Cucsa.378670.2	Cucsa.378670	Trihelix
Cucsa.378670.3	Cucsa.378670	Trihelix
Cucsa.378680.1	Cucsa.378680	Trihelix
Cucsa.380590.1	Cucsa.380590	GeBP
Cucsa.382180.1	Cucsa.382180	bZIP
Cucsa.382180.2	Cucsa.382180	bZIP
Cucsa.382180.3	Cucsa.382180	bZIP
Cucsa.382190.1	Cucsa.382190	bZIP
Cucsa.382190.2	Cucsa.382190	bZIP
Cucsa.382200.1	Cucsa.382200	BBR-BPC
Cucsa.382200.2	Cucsa.382200	BBR-BPC
Cucsa.382200.3	Cucsa.382200	BBR-BPC
Cucsa.382200.4	Cucsa.382200	BBR-BPC
Cucsa.382200.5	Cucsa.382200	BBR-BPC
Cucsa.382200.6	Cucsa.382200	BBR-BPC
Cucsa.383850.1	Cucsa.383850	bHLH
Cucsa.384890.1	Cucsa.384890	TCP
Cucsa.385090.1	Cucsa.385090	bZIP
Cucsa.385130.1	Cucsa.385130	bZIP
Cucsa.385130.2	Cucsa.385130	bZIP
Cucsa.385700.1	Cucsa.385700	bHLH
Cucsa.385930.1	Cucsa.385930	TCP
Cucsa.387680.1	Cucsa.387680	bHLH
Cucsa.387680.2	Cucsa.387680	bHLH
Cucsa.387680.3	Cucsa.387680	bHLH
Cucsa.387940.1	Cucsa.387940	NAC
Cucsa.387990.1	Cucsa.387990	GRAS
Cucsa.388100.1	Cucsa.388100	FAR1
Cucsa.388160.1	Cucsa.388160	LBD
Cucsa.388460.1	Cucsa.388460	FAR1
Cucsa.388630.1	Cucsa.388630	bHLH
Cucsa.388630.2	Cucsa.388630	bHLH
Cucsa.388650.1	Cucsa.388650	WRKY
Cucsa.388650.2	Cucsa.388650	WRKY
Cucsa.388780.1	Cucsa.388780	bHLH
Cucsa.388800.1	Cucsa.388800	bZIP
Cucsa.391880.1	Cucsa.391880	NAC
Cucsa.392170.1	Cucsa.392170	SBP
Cucsa.394330.1	Cucsa.394330	YABBY
Cucsa.394820.1	Cucsa.394820	Trihelix
Cucsa.394820.2	Cucsa.394820	Trihelix
Cucsa.395060.1	Cucsa.395060	HSF
Cucsa.395100.1	Cucsa.395100	LBD
Cucsa.395400.1	Cucsa.395400	bHLH
Cucsa.395470.1	Cucsa.395470	bZIP
Cucsa.395680.1	Cucsa.395680	bHLH
Cucsa.395990.1	Cucsa.395990	bHLH
Cucsa.395990.2	Cucsa.395990	bHLH
Cucsa.396040.1	Cucsa.396040	HSF
Cucsa.396050.1	Cucsa.396050	bHLH
Cucsa.396070.1	Cucsa.396070	bZIP
Cucsa.396070.2	Cucsa.396070	bZIP
Cucsa.396070.3	Cucsa.396070	bZIP
Cucsa.397230.1	Cucsa.397230	HRT-like
Cucsa.397360.1	Cucsa.397360	GATA
Cucsa.397930.1	Cucsa.397930	E2F/DP
Cucsa.397930.5	Cucsa.397930	E2F/DP
Cucsa.397930.6	Cucsa.397930	E2F/DP
Cucsa.046570.1	Cucsa.046570	ARF
Cucsa.047990.1	Cucsa.047990	ARF
Cucsa.047990.2	Cucsa.047990	ARF
Cucsa.052860.1	Cucsa.052860	ARF
Cucsa.052860.2	Cucsa.052860	ARF
Cucsa.052860.3	Cucsa.052860	ARF
Cucsa.052860.4	Cucsa.052860	ARF
Cucsa.071070.1	Cucsa.071070	ARF
Cucsa.078800.1	Cucsa.078800	ARF
Cucsa.078800.2	Cucsa.078800	ARF
Cucsa.078800.3	Cucsa.078800	ARF
Cucsa.078800.4	Cucsa.078800	ARF
Cucsa.078800.5	Cucsa.078800	ARF
Cucsa.114840.1	Cucsa.114840	ARF
Cucsa.124410.1	Cucsa.124410	ARF
Cucsa.137650.1	Cucsa.137650	ARF
Cucsa.137650.2	Cucsa.137650	ARF
Cucsa.137650.3	Cucsa.137650	ARF
Cucsa.152170.1	Cucsa.152170	ARF
Cucsa.152170.2	Cucsa.152170	ARF
Cucsa.152170.3	Cucsa.152170	ARF
Cucsa.156920.1	Cucsa.156920	ARF
Cucsa.156920.2	Cucsa.156920	ARF
Cucsa.173460.1	Cucsa.173460	ARF
Cucsa.183410.1	Cucsa.183410	ARF
Cucsa.183410.2	Cucsa.183410	ARF
Cucsa.183410.3	Cucsa.183410	ARF
Cucsa.303990.1	Cucsa.303990	ARF
Cucsa.303990.2	Cucsa.303990	ARF
Cucsa.342870.1	Cucsa.342870	ARF
Cucsa.342870.2	Cucsa.342870	ARF
Cucsa.342870.7	Cucsa.342870	ARF
Cucsa.381330.1	Cucsa.381330	ARF
Cucsa.386060.1	Cucsa.386060	ARF
Cucsa.386060.2	Cucsa.386060	ARF
Cucsa.042780.1	Cucsa.042780	B3
Cucsa.045980.1	Cucsa.045980	B3
Cucsa.045980.2	Cucsa.045980	B3
Cucsa.045980.9	Cucsa.045980	B3
Cucsa.078480.1	Cucsa.078480	B3
Cucsa.089840.1	Cucsa.089840	B3
Cucsa.093850.1	Cucsa.093850	B3
Cucsa.102040.1	Cucsa.102040	B3
Cucsa.102040.2	Cucsa.102040	B3
Cucsa.102050.1	Cucsa.102050	B3
Cucsa.102050.10	Cucsa.102050	B3
Cucsa.102050.11	Cucsa.102050	B3
Cucsa.102050.13	Cucsa.102050	B3
Cucsa.102050.14	Cucsa.102050	B3
Cucsa.102050.15	Cucsa.102050	B3
Cucsa.102050.16	Cucsa.102050	B3
Cucsa.102050.2	Cucsa.102050	B3
Cucsa.102060.1	Cucsa.102060	B3
Cucsa.102070.1	Cucsa.102070	B3
Cucsa.102080.1	Cucsa.102080	B3
Cucsa.102090.1	Cucsa.102090	B3
Cucsa.106780.1	Cucsa.106780	B3
Cucsa.109990.1	Cucsa.109990	B3
Cucsa.109990.2	Cucsa.109990	B3
Cucsa.110000.1	Cucsa.110000	B3
Cucsa.111990.1	Cucsa.111990	B3
Cucsa.177010.1	Cucsa.177010	B3
Cucsa.193290.1	Cucsa.193290	B3
Cucsa.219930.1	Cucsa.219930	B3
Cucsa.219930.2	Cucsa.219930	B3
Cucsa.232520.1	Cucsa.232520	B3
Cucsa.232750.1	Cucsa.232750	B3
Cucsa.232760.1	Cucsa.232760	B3
Cucsa.241440.1	Cucsa.241440	B3
Cucsa.244250.1	Cucsa.244250	B3
Cucsa.257390.1	Cucsa.257390	B3
Cucsa.341840.1	Cucsa.341840	B3
Cucsa.349830.1	Cucsa.349830	B3
Cucsa.366500.1	Cucsa.366500	B3
Cucsa.366510.1	Cucsa.366510	B3
Cucsa.366520.1	Cucsa.366520	B3
Cucsa.366590.1	Cucsa.366590	B3
Cucsa.366830.1	Cucsa.366830	B3
Cucsa.391740.1	Cucsa.391740	B3
Cucsa.051660.1	Cucsa.051660	AP2
Cucsa.051660.5	Cucsa.051660	AP2
Cucsa.051660.6	Cucsa.051660	AP2
Cucsa.051660.7	Cucsa.051660	AP2
Cucsa.065430.1	Cucsa.065430	AP2
Cucsa.065640.1	Cucsa.065640	AP2
Cucsa.092550.1	Cucsa.092550	AP2
Cucsa.102550.1	Cucsa.102550	AP2
Cucsa.103400.1	Cucsa.103400	AP2
Cucsa.103400.2	Cucsa.103400	AP2
Cucsa.106090.1	Cucsa.106090	AP2
Cucsa.170790.1	Cucsa.170790	AP2
Cucsa.192220.1	Cucsa.192220	AP2
Cucsa.260270.1	Cucsa.260270	AP2
Cucsa.277740.1	Cucsa.277740	AP2
Cucsa.282940.1	Cucsa.282940	AP2
Cucsa.307230.1	Cucsa.307230	AP2
Cucsa.353040.1	Cucsa.353040	AP2
Cucsa.367290.1	Cucsa.367290	AP2
Cucsa.367290.2	Cucsa.367290	AP2
Cucsa.367290.3	Cucsa.367290	AP2
Cucsa.395410.1	Cucsa.395410	AP2
Cucsa.353040.2	Cucsa.353040	AP2
Cucsa.338170.1	Cucsa.338170	AP2
Cucsa.051660.8	Cucsa.051660	AP2
Cucsa.051660.2	Cucsa.051660	AP2
Cucsa.165940.1	Cucsa.165940	AP2
Cucsa.005540.1	Cucsa.005540	ERF
Cucsa.012850.1	Cucsa.012850	ERF
Cucsa.038760.1	Cucsa.038760	ERF
Cucsa.041590.1	Cucsa.041590	ERF
Cucsa.042770.1	Cucsa.042770	ERF
Cucsa.046390.1	Cucsa.046390	ERF
Cucsa.046660.1	Cucsa.046660	ERF
Cucsa.053560.1	Cucsa.053560	ERF
Cucsa.055920.1	Cucsa.055920	ERF
Cucsa.062330.1	Cucsa.062330	ERF
Cucsa.064390.1	Cucsa.064390	ERF
Cucsa.069280.1	Cucsa.069280	ERF
Cucsa.078000.1	Cucsa.078000	ERF
Cucsa.078000.2	Cucsa.078000	ERF
Cucsa.078000.3	Cucsa.078000	ERF
Cucsa.078000.4	Cucsa.078000	ERF
Cucsa.083150.1	Cucsa.083150	ERF
Cucsa.088640.1	Cucsa.088640	ERF
Cucsa.094100.1	Cucsa.094100	ERF
Cucsa.095770.1	Cucsa.095770	ERF
Cucsa.095860.1	Cucsa.095860	ERF
Cucsa.096220.1	Cucsa.096220	ERF
Cucsa.096450.1	Cucsa.096450	ERF
Cucsa.096930.1	Cucsa.096930	ERF
Cucsa.101370.1	Cucsa.101370	ERF
Cucsa.102400.1	Cucsa.102400	ERF
Cucsa.102560.1	Cucsa.102560	ERF
Cucsa.104510.1	Cucsa.104510	ERF
Cucsa.105790.1	Cucsa.105790	ERF
Cucsa.105830.1	Cucsa.105830	ERF
Cucsa.107190.1	Cucsa.107190	ERF
Cucsa.107350.1	Cucsa.107350	ERF
Cucsa.116550.1	Cucsa.116550	ERF
Cucsa.118840.1	Cucsa.118840	ERF
Cucsa.118970.1	Cucsa.118970	ERF
Cucsa.119440.1	Cucsa.119440	ERF
Cucsa.119440.2	Cucsa.119440	ERF
Cucsa.121080.1	Cucsa.121080	ERF
Cucsa.121430.1	Cucsa.121430	ERF
Cucsa.122930.1	Cucsa.122930	ERF
Cucsa.126860.1	Cucsa.126860	ERF
Cucsa.126880.1	Cucsa.126880	ERF
Cucsa.129320.1	Cucsa.129320	ERF
Cucsa.129330.1	Cucsa.129330	ERF
Cucsa.129630.1	Cucsa.129630	ERF
Cucsa.130200.1	Cucsa.130200	ERF
Cucsa.132120.1	Cucsa.132120	ERF
Cucsa.136780.1	Cucsa.136780	ERF
Cucsa.139820.1	Cucsa.139820	ERF
Cucsa.141980.1	Cucsa.141980	ERF
Cucsa.147760.1	Cucsa.147760	ERF
Cucsa.149280.1	Cucsa.149280	ERF
Cucsa.149280.2	Cucsa.149280	ERF
Cucsa.149280.3	Cucsa.149280	ERF
Cucsa.150110.1	Cucsa.150110	ERF
Cucsa.152770.1	Cucsa.152770	ERF
Cucsa.154520.1	Cucsa.154520	ERF
Cucsa.156890.1	Cucsa.156890	ERF
Cucsa.158080.1	Cucsa.158080	ERF
Cucsa.161310.1	Cucsa.161310	ERF
Cucsa.162710.1	Cucsa.162710	ERF
Cucsa.162720.1	Cucsa.162720	ERF
Cucsa.166340.1	Cucsa.166340	ERF
Cucsa.190200.1	Cucsa.190200	ERF
Cucsa.193280.1	Cucsa.193280	ERF
Cucsa.193930.1	Cucsa.193930	ERF
Cucsa.195660.1	Cucsa.195660	ERF
Cucsa.198700.1	Cucsa.198700	ERF
Cucsa.201950.1	Cucsa.201950	ERF
Cucsa.219890.1	Cucsa.219890	ERF
Cucsa.231820.1	Cucsa.231820	ERF
Cucsa.235510.1	Cucsa.235510	ERF
Cucsa.237150.1	Cucsa.237150	ERF
Cucsa.237170.1	Cucsa.237170	ERF
Cucsa.237800.1	Cucsa.237800	ERF
Cucsa.244290.1	Cucsa.244290	ERF
Cucsa.250290.1	Cucsa.250290	ERF
Cucsa.251020.1	Cucsa.251020	ERF
Cucsa.251030.1	Cucsa.251030	ERF
Cucsa.252810.1	Cucsa.252810	ERF
Cucsa.253400.1	Cucsa.253400	ERF
Cucsa.255320.1	Cucsa.255320	ERF
Cucsa.255330.1	Cucsa.255330	ERF
Cucsa.255340.1	Cucsa.255340	ERF
Cucsa.256230.1	Cucsa.256230	ERF
Cucsa.258020.1	Cucsa.258020	ERF
Cucsa.258900.1	Cucsa.258900	ERF
Cucsa.259750.1	Cucsa.259750	ERF
Cucsa.260030.1	Cucsa.260030	ERF
Cucsa.260040.1	Cucsa.260040	ERF
Cucsa.271180.1	Cucsa.271180	ERF
Cucsa.271720.1	Cucsa.271720	ERF
Cucsa.283620.1	Cucsa.283620	ERF
Cucsa.283620.2	Cucsa.283620	ERF
Cucsa.283620.3	Cucsa.283620	ERF
Cucsa.286530.1	Cucsa.286530	ERF
Cucsa.292670.1	Cucsa.292670	ERF
Cucsa.300100.1	Cucsa.300100	ERF
Cucsa.302750.1	Cucsa.302750	ERF
Cucsa.302760.1	Cucsa.302760	ERF
Cucsa.303720.1	Cucsa.303720	ERF
Cucsa.303840.1	Cucsa.303840	ERF
Cucsa.310360.1	Cucsa.310360	ERF
Cucsa.310360.2	Cucsa.310360	ERF
Cucsa.312570.1	Cucsa.312570	ERF
Cucsa.321050.1	Cucsa.321050	ERF
Cucsa.321150.1	Cucsa.321150	ERF
Cucsa.321160.1	Cucsa.321160	ERF
Cucsa.334870.1	Cucsa.334870	ERF
Cucsa.336890.1	Cucsa.336890	ERF
Cucsa.342750.1	Cucsa.342750	ERF
Cucsa.349200.1	Cucsa.349200	ERF
Cucsa.352470.1	Cucsa.352470	ERF
Cucsa.359390.1	Cucsa.359390	ERF
Cucsa.359880.1	Cucsa.359880	ERF
Cucsa.359880.2	Cucsa.359880	ERF
Cucsa.359880.3	Cucsa.359880	ERF
Cucsa.363830.1	Cucsa.363830	ERF
Cucsa.364910.1	Cucsa.364910	ERF
Cucsa.365220.1	Cucsa.365220	ERF
Cucsa.365320.1	Cucsa.365320	ERF
Cucsa.365850.1	Cucsa.365850	ERF
Cucsa.365850.2	Cucsa.365850	ERF
Cucsa.367300.1	Cucsa.367300	ERF
Cucsa.372760.1	Cucsa.372760	ERF
Cucsa.378450.1	Cucsa.378450	ERF
Cucsa.378470.1	Cucsa.378470	ERF
Cucsa.383680.1	Cucsa.383680	ERF
Cucsa.388530.1	Cucsa.388530	ERF
Cucsa.388540.1	Cucsa.388540	ERF
Cucsa.394520.1	Cucsa.394520	ERF
Cucsa.395960.1	Cucsa.395960	ERF
Cucsa.043400.1	Cucsa.043400	DBB
Cucsa.106670.1	Cucsa.106670	DBB
Cucsa.106670.2	Cucsa.106670	DBB
Cucsa.109250.1	Cucsa.109250	DBB
Cucsa.159630.1	Cucsa.159630	DBB
Cucsa.273610.1	Cucsa.273610	DBB
Cucsa.345890.1	Cucsa.345890	DBB
Cucsa.362200.1	Cucsa.362200	DBB
Cucsa.362200.2	Cucsa.362200	DBB
Cucsa.362200.3	Cucsa.362200	DBB
Cucsa.377860.1	Cucsa.377860	DBB
Cucsa.377860.2	Cucsa.377860	DBB
Cucsa.072900.1	Cucsa.072900	CO-like
Cucsa.089490.1	Cucsa.089490	CO-like
Cucsa.092180.1	Cucsa.092180	CO-like
Cucsa.092190.1	Cucsa.092190	CO-like
Cucsa.095220.1	Cucsa.095220	CO-like
Cucsa.100130.1	Cucsa.100130	CO-like
Cucsa.100130.2	Cucsa.100130	CO-like
Cucsa.100130.3	Cucsa.100130	CO-like
Cucsa.120160.1	Cucsa.120160	CO-like
Cucsa.120160.2	Cucsa.120160	CO-like
Cucsa.163000.1	Cucsa.163000	CO-like
Cucsa.174610.1	Cucsa.174610	CO-like
Cucsa.199050.1	Cucsa.199050	CO-like
Cucsa.283570.1	Cucsa.283570	CO-like
Cucsa.365300.1	Cucsa.365300	CO-like
Cucsa.069440.1	Cucsa.069440	ARR-B
Cucsa.069440.2	Cucsa.069440	ARR-B
Cucsa.092420.1	Cucsa.092420	ARR-B
Cucsa.092430.1	Cucsa.092430	ARR-B
Cucsa.132590.1	Cucsa.132590	ARR-B
Cucsa.251000.1	Cucsa.251000	ARR-B
Cucsa.252760.1	Cucsa.252760	ARR-B
Cucsa.271670.1	Cucsa.271670	ARR-B
Cucsa.280670.1	Cucsa.280670	ARR-B
Cucsa.283240.1	Cucsa.283240	ARR-B
Cucsa.313480.1	Cucsa.313480	ARR-B
Cucsa.313480.2	Cucsa.313480	ARR-B
Cucsa.321580.1	Cucsa.321580	ARR-B
Cucsa.321580.2	Cucsa.321580	ARR-B
Cucsa.321580.3	Cucsa.321580	ARR-B
Cucsa.321580.8	Cucsa.321580	ARR-B
Cucsa.350850.1	Cucsa.350850	ARR-B
Cucsa.350850.2	Cucsa.350850	ARR-B
Cucsa.362450.1	Cucsa.362450	ARR-B
Cucsa.363120.1	Cucsa.363120	ARR-B
Cucsa.394720.1	Cucsa.394720	ARR-B
Cucsa.027530.1	Cucsa.027530	G2-like
Cucsa.027530.2	Cucsa.027530	G2-like
Cucsa.027530.3	Cucsa.027530	G2-like
Cucsa.037070.1	Cucsa.037070	G2-like
Cucsa.037070.2	Cucsa.037070	G2-like
Cucsa.037070.3	Cucsa.037070	G2-like
Cucsa.044390.1	Cucsa.044390	G2-like
Cucsa.044400.1	Cucsa.044400	G2-like
Cucsa.044400.2	Cucsa.044400	G2-like
Cucsa.045140.1	Cucsa.045140	G2-like
Cucsa.047000.1	Cucsa.047000	G2-like
Cucsa.058770.1	Cucsa.058770	G2-like
Cucsa.082250.1	Cucsa.082250	G2-like
Cucsa.087530.1	Cucsa.087530	G2-like
Cucsa.102260.1	Cucsa.102260	G2-like
Cucsa.108670.1	Cucsa.108670	G2-like
Cucsa.108670.2	Cucsa.108670	G2-like
Cucsa.108670.3	Cucsa.108670	G2-like
Cucsa.108670.4	Cucsa.108670	G2-like
Cucsa.108670.5	Cucsa.108670	G2-like
Cucsa.110080.1	Cucsa.110080	G2-like
Cucsa.116140.1	Cucsa.116140	G2-like
Cucsa.117700.1	Cucsa.117700	G2-like
Cucsa.118610.1	Cucsa.118610	G2-like
Cucsa.118610.2	Cucsa.118610	G2-like
Cucsa.122130.1	Cucsa.122130	G2-like
Cucsa.122130.2	Cucsa.122130	G2-like
Cucsa.122130.3	Cucsa.122130	G2-like
Cucsa.130050.1	Cucsa.130050	G2-like
Cucsa.132590.2	Cucsa.132590	G2-like
Cucsa.138850.1	Cucsa.138850	G2-like
Cucsa.140020.1	Cucsa.140020	G2-like
Cucsa.149820.1	Cucsa.149820	G2-like
Cucsa.177640.1	Cucsa.177640	G2-like
Cucsa.189550.1	Cucsa.189550	G2-like
Cucsa.220080.1	Cucsa.220080	G2-like
Cucsa.232510.1	Cucsa.232510	G2-like
Cucsa.239950.1	Cucsa.239950	G2-like
Cucsa.239950.2	Cucsa.239950	G2-like
Cucsa.239950.3	Cucsa.239950	G2-like
Cucsa.239950.4	Cucsa.239950	G2-like
Cucsa.256450.1	Cucsa.256450	G2-like
Cucsa.256450.2	Cucsa.256450	G2-like
Cucsa.277160.1	Cucsa.277160	G2-like
Cucsa.283860.1	Cucsa.283860	G2-like
Cucsa.283860.2	Cucsa.283860	G2-like
Cucsa.312860.1	Cucsa.312860	G2-like
Cucsa.322050.1	Cucsa.322050	G2-like
Cucsa.322050.2	Cucsa.322050	G2-like
Cucsa.337130.1	Cucsa.337130	G2-like
Cucsa.337130.2	Cucsa.337130	G2-like
Cucsa.337130.3	Cucsa.337130	G2-like
Cucsa.337130.4	Cucsa.337130	G2-like
Cucsa.340600.1	Cucsa.340600	G2-like
Cucsa.340600.2	Cucsa.340600	G2-like
Cucsa.340600.3	Cucsa.340600	G2-like
Cucsa.341860.1	Cucsa.341860	G2-like
Cucsa.353890.1	Cucsa.353890	G2-like
Cucsa.353890.2	Cucsa.353890	G2-like
Cucsa.353890.3	Cucsa.353890	G2-like
Cucsa.358530.1	Cucsa.358530	G2-like
Cucsa.365440.1	Cucsa.365440	G2-like
Cucsa.365440.2	Cucsa.365440	G2-like
Cucsa.384780.1	Cucsa.384780	G2-like
Cucsa.018420.1	Cucsa.018420	MIKC_MADS
Cucsa.018420.2	Cucsa.018420	MIKC_MADS
Cucsa.047280.1	Cucsa.047280	MIKC_MADS
Cucsa.047280.2	Cucsa.047280	MIKC_MADS
Cucsa.061700.1	Cucsa.061700	MIKC_MADS
Cucsa.061700.2	Cucsa.061700	MIKC_MADS
Cucsa.061750.1	Cucsa.061750	MIKC_MADS
Cucsa.103820.1	Cucsa.103820	MIKC_MADS
Cucsa.104010.1	Cucsa.104010	MIKC_MADS
Cucsa.104010.2	Cucsa.104010	MIKC_MADS
Cucsa.104010.5	Cucsa.104010	MIKC_MADS
Cucsa.104010.6	Cucsa.104010	MIKC_MADS
Cucsa.113420.1	Cucsa.113420	MIKC_MADS
Cucsa.113420.2	Cucsa.113420	MIKC_MADS
Cucsa.113430.1	Cucsa.113430	MIKC_MADS
Cucsa.113430.2	Cucsa.113430	MIKC_MADS
Cucsa.113430.3	Cucsa.113430	MIKC_MADS
Cucsa.115490.1	Cucsa.115490	MIKC_MADS
Cucsa.139620.1	Cucsa.139620	MIKC_MADS
Cucsa.160640.1	Cucsa.160640	MIKC_MADS
Cucsa.174510.1	Cucsa.174510	MIKC_MADS
Cucsa.212720.1	Cucsa.212720	MIKC_MADS
Cucsa.212720.2	Cucsa.212720	MIKC_MADS
Cucsa.212720.3	Cucsa.212720	MIKC_MADS
Cucsa.248870.1	Cucsa.248870	MIKC_MADS
Cucsa.248870.2	Cucsa.248870	MIKC_MADS
Cucsa.251140.1	Cucsa.251140	MIKC_MADS
Cucsa.251140.2	Cucsa.251140	MIKC_MADS
Cucsa.251170.1	Cucsa.251170	MIKC_MADS
Cucsa.257910.1	Cucsa.257910	MIKC_MADS
Cucsa.302640.1	Cucsa.302640	MIKC_MADS
Cucsa.302640.2	Cucsa.302640	MIKC_MADS
Cucsa.327970.1	Cucsa.327970	MIKC_MADS
Cucsa.327970.2	Cucsa.327970	MIKC_MADS
Cucsa.327970.3	Cucsa.327970	MIKC_MADS
Cucsa.327980.1	Cucsa.327980	MIKC_MADS
Cucsa.331840.1	Cucsa.331840	MIKC_MADS
Cucsa.331840.2	Cucsa.331840	MIKC_MADS
Cucsa.331840.3	Cucsa.331840	MIKC_MADS
Cucsa.331900.1	Cucsa.331900	MIKC_MADS
Cucsa.342790.1	Cucsa.342790	MIKC_MADS
Cucsa.342790.2	Cucsa.342790	MIKC_MADS
Cucsa.349640.1	Cucsa.349640	MIKC_MADS
Cucsa.362960.1	Cucsa.362960	MIKC_MADS
Cucsa.392160.1	Cucsa.392160	MIKC_MADS
Cucsa.031740.1	Cucsa.031740	M-type_MADS
Cucsa.047600.1	Cucsa.047600	M-type_MADS
Cucsa.050930.1	Cucsa.050930	M-type_MADS
Cucsa.112840.1	Cucsa.112840	M-type_MADS
Cucsa.174530.1	Cucsa.174530	M-type_MADS
Cucsa.180570.1	Cucsa.180570	M-type_MADS
Cucsa.190400.1	Cucsa.190400	M-type_MADS
Cucsa.194800.1	Cucsa.194800	M-type_MADS
Cucsa.202790.1	Cucsa.202790	M-type_MADS
Cucsa.202790.2	Cucsa.202790	M-type_MADS
Cucsa.212320.1	Cucsa.212320	M-type_MADS
Cucsa.224270.1	Cucsa.224270	M-type_MADS
Cucsa.228450.1	Cucsa.228450	M-type_MADS
Cucsa.241990.1	Cucsa.241990	M-type_MADS
Cucsa.284960.1	Cucsa.284960	M-type_MADS
Cucsa.298560.1	Cucsa.298560	M-type_MADS
Cucsa.327970.4	Cucsa.327970	M-type_MADS
Cucsa.342610.1	Cucsa.342610	M-type_MADS
Cucsa.349650.1	Cucsa.349650	M-type_MADS
Cucsa.367070.1	Cucsa.367070	M-type_MADS
Cucsa.017410.1	Cucsa.017410	GRF
Cucsa.103390.1	Cucsa.103390	GRF
Cucsa.103390.2	Cucsa.103390	GRF
Cucsa.117300.1	Cucsa.117300	GRF
Cucsa.117300.2	Cucsa.117300	GRF
Cucsa.141640.1	Cucsa.141640	GRF
Cucsa.192190.1	Cucsa.192190	GRF
Cucsa.192190.2	Cucsa.192190	GRF
Cucsa.257800.1	Cucsa.257800	GRF
Cucsa.257800.2	Cucsa.257800	GRF
Cucsa.378420.1	Cucsa.378420	GRF
Cucsa.395430.1	Cucsa.395430	GRF
Cucsa.395430.2	Cucsa.395430	GRF
Cucsa.395430.3	Cucsa.395430	GRF
Cucsa.025330.1	Cucsa.025330	HB-other
Cucsa.032420.1	Cucsa.032420	HB-other
Cucsa.032420.2	Cucsa.032420	HB-other
Cucsa.046480.1	Cucsa.046480	HB-other
Cucsa.046480.2	Cucsa.046480	HB-other
Cucsa.087050.1	Cucsa.087050	HB-other
Cucsa.087050.2	Cucsa.087050	HB-other
Cucsa.087050.3	Cucsa.087050	HB-other
Cucsa.087050.4	Cucsa.087050	HB-other
Cucsa.310460.1	Cucsa.310460	HB-other
Cucsa.321120.1	Cucsa.321120	HB-other
Cucsa.394390.1	Cucsa.394390	HB-other
Cucsa.121900.1	Cucsa.121900	WOX
Cucsa.111520.1	Cucsa.111520	WOX
Cucsa.379650.1	Cucsa.379650	WOX
Cucsa.395970.1	Cucsa.395970	WOX
Cucsa.136500.1	Cucsa.136500	WOX
Cucsa.043520.1	Cucsa.043520	WOX
Cucsa.046640.3	Cucsa.046640	WOX
Cucsa.046640.1	Cucsa.046640	WOX
Cucsa.336980.1	Cucsa.336980	WOX
Cucsa.323040.2	Cucsa.323040	WOX
Cucsa.272210.1	Cucsa.272210	WOX
Cucsa.323040.1	Cucsa.323040	WOX
Cucsa.213810.1	Cucsa.213810	WOX
Cucsa.109320.1	Cucsa.109320	TALE
Cucsa.109320.2	Cucsa.109320	TALE
Cucsa.241880.1	Cucsa.241880	TALE
Cucsa.366600.1	Cucsa.366600	TALE
Cucsa.101830.1	Cucsa.101830	TALE
Cucsa.131240.1	Cucsa.131240	TALE
Cucsa.303380.1	Cucsa.303380	TALE
Cucsa.185900.1	Cucsa.185900	TALE
Cucsa.105330.1	Cucsa.105330	TALE
Cucsa.175830.1	Cucsa.175830	TALE
Cucsa.395170.3	Cucsa.395170	TALE
Cucsa.395170.1	Cucsa.395170	TALE
Cucsa.395170.2	Cucsa.395170	TALE
Cucsa.066610.1	Cucsa.066610	TALE
Cucsa.339580.1	Cucsa.339580	HD-ZIP
Cucsa.097950.3	Cucsa.097950	HD-ZIP
Cucsa.285250.1	Cucsa.285250	HD-ZIP
Cucsa.097950.2	Cucsa.097950	HD-ZIP
Cucsa.097950.1	Cucsa.097950	HD-ZIP
Cucsa.321080.1	Cucsa.321080	HD-ZIP
Cucsa.159020.1	Cucsa.159020	HD-ZIP
Cucsa.158420.2	Cucsa.158420	HD-ZIP
Cucsa.050000.1	Cucsa.050000	HD-ZIP
Cucsa.158420.1	Cucsa.158420	HD-ZIP
Cucsa.259710.1	Cucsa.259710	HD-ZIP
Cucsa.104200.1	Cucsa.104200	HD-ZIP
Cucsa.103500.1	Cucsa.103500	HD-ZIP
Cucsa.242570.1	Cucsa.242570	HD-ZIP
Cucsa.300780.1	Cucsa.300780	HD-ZIP
Cucsa.259560.1	Cucsa.259560	HD-ZIP
Cucsa.125070.1	Cucsa.125070	HD-ZIP
Cucsa.311660.1	Cucsa.311660	HD-ZIP
Cucsa.378700.3	Cucsa.378700	HD-ZIP
Cucsa.353130.1	Cucsa.353130	HD-ZIP
Cucsa.378700.2	Cucsa.378700	HD-ZIP
Cucsa.378700.1	Cucsa.378700	HD-ZIP
Cucsa.104950.1	Cucsa.104950	HD-ZIP
Cucsa.285390.1	Cucsa.285390	HD-ZIP
Cucsa.281950.1	Cucsa.281950	HD-ZIP
Cucsa.339580.2	Cucsa.339580	HD-ZIP
Cucsa.201240.1	Cucsa.201240	HD-ZIP
Cucsa.242570.2	Cucsa.242570	HD-ZIP
Cucsa.177570.1	Cucsa.177570	HD-ZIP
Cucsa.280560.1	Cucsa.280560	HD-ZIP
Cucsa.259710.2	Cucsa.259710	HD-ZIP
Cucsa.177570.2	Cucsa.177570	HD-ZIP
Cucsa.177570.3	Cucsa.177570	HD-ZIP
Cucsa.261750.1	Cucsa.261750	HD-ZIP
Cucsa.196810.1	Cucsa.196810	TALE
Cucsa.044950.1	Cucsa.044950	TALE
Cucsa.395320.1	Cucsa.395320	TALE
Cucsa.148830.1	Cucsa.148830	TALE
Cucsa.353140.1	Cucsa.353140	TALE
Cucsa.090630.3	Cucsa.090630	TALE
Cucsa.090630.1	Cucsa.090630	TALE
Cucsa.162660.5	Cucsa.162660	TALE
Cucsa.162660.4	Cucsa.162660	TALE
Cucsa.162660.2	Cucsa.162660	TALE
Cucsa.162660.1	Cucsa.162660	TALE
Cucsa.302660.2	Cucsa.302660	TALE
Cucsa.302660.1	Cucsa.302660	TALE
Cucsa.271780.6	Cucsa.271780	TALE
Cucsa.271780.8	Cucsa.271780	TALE
Cucsa.271780.9	Cucsa.271780	TALE
Cucsa.271780.7	Cucsa.271780	TALE
Cucsa.271780.3	Cucsa.271780	TALE
Cucsa.271780.1	Cucsa.271780	TALE
Cucsa.271780.2	Cucsa.271780	TALE
Cucsa.072780.2	Cucsa.072780	HD-ZIP
Cucsa.072780.1	Cucsa.072780	HD-ZIP
Cucsa.148430.2	Cucsa.148430	HD-ZIP
Cucsa.148430.1	Cucsa.148430	HD-ZIP
Cucsa.061970.1	Cucsa.061970	HD-ZIP
Cucsa.363170.1	Cucsa.363170	HD-ZIP
Cucsa.359250.4	Cucsa.359250	HD-ZIP
Cucsa.359250.3	Cucsa.359250	HD-ZIP
Cucsa.359250.1	Cucsa.359250	HD-ZIP
Cucsa.086030.1	Cucsa.086030	HD-ZIP
Cucsa.045360.2	Cucsa.045360	HD-ZIP
Cucsa.045360.1	Cucsa.045360	HD-ZIP
Cucsa.312510.1	Cucsa.312510	HD-ZIP
Cucsa.361130.2	Cucsa.361130	HD-ZIP
Cucsa.361130.1	Cucsa.361130	HD-ZIP
Cucsa.112320.2	Cucsa.112320	HD-ZIP
Cucsa.112320.1	Cucsa.112320	HD-ZIP
Cucsa.250870.1	Cucsa.250870	HD-ZIP
Cucsa.167110.5	Cucsa.167110	HD-ZIP
Cucsa.167110.4	Cucsa.167110	HD-ZIP
Cucsa.167110.3	Cucsa.167110	HD-ZIP
Cucsa.167110.1	Cucsa.167110	HD-ZIP
Cucsa.048220.1	Cucsa.048220	HD-ZIP
Cucsa.312880.1	Cucsa.312880	HD-ZIP
Cucsa.386080.11	Cucsa.386080	HD-ZIP
Cucsa.386080.1	Cucsa.386080	HD-ZIP
Cucsa.108510.1	Cucsa.108510	HD-ZIP
Cucsa.108830.1	Cucsa.108830	HB-PHD
Cucsa.081360.1	Cucsa.081360	HB-PHD
Cucsa.081360.2	Cucsa.081360	HB-PHD
Cucsa.012010.1	Cucsa.012010	C2H2
Cucsa.012010.2	Cucsa.012010	C2H2
Cucsa.012010.3	Cucsa.012010	C2H2
Cucsa.012130.1	Cucsa.012130	C2H2
Cucsa.016990.1	Cucsa.016990	C2H2
Cucsa.018350.1	Cucsa.018350	C3H
Cucsa.025360.1	Cucsa.025360	C2H2
Cucsa.033930.1	Cucsa.033930	C2H2
Cucsa.034450.1	Cucsa.034450	C2H2
Cucsa.041650.1	Cucsa.041650	C2H2
Cucsa.045630.1	Cucsa.045630	C2H2
Cucsa.046380.1	Cucsa.046380	C3H
Cucsa.048600.1	Cucsa.048600	LSD
Cucsa.048600.2	Cucsa.048600	LSD
Cucsa.048600.3	Cucsa.048600	LSD
Cucsa.048600.4	Cucsa.048600	LSD
Cucsa.049870.1	Cucsa.049870	C2H2
Cucsa.050240.1	Cucsa.050240	C3H
Cucsa.050240.2	Cucsa.050240	C3H
Cucsa.050240.4	Cucsa.050240	C3H
Cucsa.050240.5	Cucsa.050240	C3H
Cucsa.050240.6	Cucsa.050240	C3H
Cucsa.050260.1	Cucsa.050260	C2H2
Cucsa.050840.1	Cucsa.050840	C3H
Cucsa.050840.2	Cucsa.050840	C3H
Cucsa.050840.3	Cucsa.050840	C3H
Cucsa.050840.5	Cucsa.050840	C3H
Cucsa.050910.1	Cucsa.050910	C2H2
Cucsa.053510.1	Cucsa.053510	C2H2
Cucsa.060530.1	Cucsa.060530	C3H
Cucsa.065460.1	Cucsa.065460	C2H2
Cucsa.065930.1	Cucsa.065930	C2H2
Cucsa.069470.1	Cucsa.069470	C2H2
Cucsa.074350.1	Cucsa.074350	C2H2
Cucsa.076000.1	Cucsa.076000	C2H2
Cucsa.076450.1	Cucsa.076450	C2H2
Cucsa.079940.1	Cucsa.079940	C2H2
Cucsa.084240.1	Cucsa.084240	C2H2
Cucsa.087460.1	Cucsa.087460	C2H2
Cucsa.087750.1	Cucsa.087750	C2H2
Cucsa.087930.1	Cucsa.087930	C3H
Cucsa.094060.1	Cucsa.094060	C3H
Cucsa.095930.1	Cucsa.095930	C2H2
Cucsa.097130.1	Cucsa.097130	C3H
Cucsa.101030.1	Cucsa.101030	C3H
Cucsa.101030.10	Cucsa.101030	C3H
Cucsa.101030.2	Cucsa.101030	C3H
Cucsa.101030.3	Cucsa.101030	C3H
Cucsa.101030.5	Cucsa.101030	C3H
Cucsa.101030.6	Cucsa.101030	C3H
Cucsa.101030.8	Cucsa.101030	C3H
Cucsa.101030.9	Cucsa.101030	C3H
Cucsa.104330.1	Cucsa.104330	C2H2
Cucsa.105270.1	Cucsa.105270	C3H
Cucsa.105870.1	Cucsa.105870	C2H2
Cucsa.108710.1	Cucsa.108710	C2H2
Cucsa.112090.1	Cucsa.112090	C2H2
Cucsa.113100.1	Cucsa.113100	C2H2
Cucsa.114380.1	Cucsa.114380	C3H
Cucsa.116850.1	Cucsa.116850	C3H
Cucsa.117650.1	Cucsa.117650	C2H2
Cucsa.122150.1	Cucsa.122150	C2H2
Cucsa.124260.1	Cucsa.124260	C2H2
Cucsa.126650.1	Cucsa.126650	LSD
Cucsa.126650.2	Cucsa.126650	LSD
Cucsa.131910.1	Cucsa.131910	C3H
Cucsa.137560.1	Cucsa.137560	C2H2
Cucsa.139130.1	Cucsa.139130	C2H2
Cucsa.139290.1	Cucsa.139290	C3H
Cucsa.142970.1	Cucsa.142970	C3H
Cucsa.142970.2	Cucsa.142970	C3H
Cucsa.148360.1	Cucsa.148360	C3H
Cucsa.148360.2	Cucsa.148360	C3H
Cucsa.148360.3	Cucsa.148360	C3H
Cucsa.155260.1	Cucsa.155260	C3H
Cucsa.163800.1	Cucsa.163800	C2H2
Cucsa.165460.1	Cucsa.165460	C2H2
Cucsa.175700.1	Cucsa.175700	C2H2
Cucsa.181200.1	Cucsa.181200	C2H2
Cucsa.181200.2	Cucsa.181200	C2H2
Cucsa.181990.1	Cucsa.181990	C2H2
Cucsa.181990.2	Cucsa.181990	C2H2
Cucsa.186170.1	Cucsa.186170	C2H2
Cucsa.190800.1	Cucsa.190800	C2H2
Cucsa.195210.1	Cucsa.195210	C3H
Cucsa.195640.1	Cucsa.195640	C3H
Cucsa.198090.1	Cucsa.198090	C2H2
Cucsa.199850.1	Cucsa.199850	C2H2
Cucsa.200410.1	Cucsa.200410	C2H2
Cucsa.201280.1	Cucsa.201280	C2H2
Cucsa.205210.1	Cucsa.205210	C2H2
Cucsa.211400.1	Cucsa.211400	C2H2
Cucsa.213470.1	Cucsa.213470	C2H2
Cucsa.219210.1	Cucsa.219210	C2H2
Cucsa.220580.1	Cucsa.220580	C3H
Cucsa.222420.1	Cucsa.222420	C2H2
Cucsa.232300.1	Cucsa.232300	C2H2
Cucsa.240160.1	Cucsa.240160	C3H
Cucsa.242740.1	Cucsa.242740	C3H
Cucsa.242740.2	Cucsa.242740	C3H
Cucsa.242970.1	Cucsa.242970	C2H2
Cucsa.248320.1	Cucsa.248320	C2H2
Cucsa.248540.1	Cucsa.248540	C2H2
Cucsa.251920.1	Cucsa.251920	C2H2
Cucsa.251920.3	Cucsa.251920	C2H2
Cucsa.251920.4	Cucsa.251920	C2H2
Cucsa.253390.1	Cucsa.253390	C3H
Cucsa.255130.1	Cucsa.255130	C2H2
Cucsa.259870.1	Cucsa.259870	C2H2
Cucsa.263980.1	Cucsa.263980	C3H
Cucsa.263980.2	Cucsa.263980	C3H
Cucsa.271680.1	Cucsa.271680	C2H2
Cucsa.273100.1	Cucsa.273100	C2H2
Cucsa.277240.1	Cucsa.277240	C2H2
Cucsa.277240.2	Cucsa.277240	C2H2
Cucsa.277370.1	Cucsa.277370	C3H
Cucsa.280660.1	Cucsa.280660	C3H
Cucsa.280790.1	Cucsa.280790	C2H2
Cucsa.284590.1	Cucsa.284590	C2H2
Cucsa.285730.1	Cucsa.285730	C2H2
Cucsa.287200.1	Cucsa.287200	C3H
Cucsa.288580.1	Cucsa.288580	C3H
Cucsa.299450.1	Cucsa.299450	C2H2
Cucsa.301800.1	Cucsa.301800	C2H2
Cucsa.306530.1	Cucsa.306530	C2H2
Cucsa.306990.1	Cucsa.306990	C2H2
Cucsa.307870.1	Cucsa.307870	C2H2
Cucsa.308740.1	Cucsa.308740	C2H2
Cucsa.312990.1	Cucsa.312990	C3H
Cucsa.312990.2	Cucsa.312990	C3H
Cucsa.312990.3	Cucsa.312990	C3H
Cucsa.313240.1	Cucsa.313240	C2H2
Cucsa.313310.1	Cucsa.313310	LSD
Cucsa.313310.2	Cucsa.313310	LSD
Cucsa.320500.1	Cucsa.320500	C2H2
Cucsa.320970.1	Cucsa.320970	C2H2
Cucsa.321740.1	Cucsa.321740	LSD
Cucsa.321760.1	Cucsa.321760	C2H2
Cucsa.323160.1	Cucsa.323160	C2H2
Cucsa.336220.1	Cucsa.336220	C3H
Cucsa.336220.4	Cucsa.336220	C3H
Cucsa.336220.5	Cucsa.336220	C3H
Cucsa.336920.1	Cucsa.336920	C3H
Cucsa.337640.1	Cucsa.337640	C2H2
Cucsa.340320.1	Cucsa.340320	C3H
Cucsa.341140.1	Cucsa.341140	C2H2
Cucsa.341140.2	Cucsa.341140	C2H2
Cucsa.342980.1	Cucsa.342980	C2H2
Cucsa.352460.1	Cucsa.352460	C2H2
Cucsa.352740.1	Cucsa.352740	C2H2
Cucsa.353170.1	Cucsa.353170	C3H
Cucsa.356550.1	Cucsa.356550	C3H
Cucsa.357260.1	Cucsa.357260	C2H2
Cucsa.361410.1	Cucsa.361410	C2H2
Cucsa.368500.1	Cucsa.368500	C3H
Cucsa.368960.1	Cucsa.368960	C2H2
Cucsa.368960.2	Cucsa.368960	C2H2
Cucsa.373320.1	Cucsa.373320	C2H2
Cucsa.378600.1	Cucsa.378600	C2H2
Cucsa.378600.2	Cucsa.378600	C2H2
Cucsa.379890.1	Cucsa.379890	C2H2
Cucsa.385400.1	Cucsa.385400	C2H2
Cucsa.385410.1	Cucsa.385410	C2H2
Cucsa.385410.3	Cucsa.385410	C2H2
Cucsa.385670.1	Cucsa.385670	C2H2
Cucsa.386140.1	Cucsa.386140	C3H
Cucsa.386140.2	Cucsa.386140	C3H
Cucsa.391680.1	Cucsa.391680	C2H2
Cucsa.391690.1	Cucsa.391690	C3H
Cucsa.391690.2	Cucsa.391690	C3H
Cucsa.395710.1	Cucsa.395710	C2H2
Cucsa.006170.1	Cucsa.006170	MYB
Cucsa.011440.1	Cucsa.011440	MYB
Cucsa.013870.1	Cucsa.013870	MYB
Cucsa.013870.2	Cucsa.013870	MYB
Cucsa.013870.3	Cucsa.013870	MYB
Cucsa.013870.4	Cucsa.013870	MYB
Cucsa.013870.5	Cucsa.013870	MYB
Cucsa.016540.1	Cucsa.016540	MYB
Cucsa.022180.1	Cucsa.022180	MYB
Cucsa.031620.1	Cucsa.031620	MYB
Cucsa.041880.1	Cucsa.041880	MYB
Cucsa.045790.1	Cucsa.045790	MYB
Cucsa.048980.1	Cucsa.048980	MYB
Cucsa.051050.1	Cucsa.051050	MYB
Cucsa.053600.1	Cucsa.053600	MYB
Cucsa.060080.1	Cucsa.060080	MYB
Cucsa.061660.2	Cucsa.061660	MYB
Cucsa.065530.1	Cucsa.065530	MYB
Cucsa.066910.1	Cucsa.066910	MYB
Cucsa.066910.2	Cucsa.066910	MYB
Cucsa.067080.1	Cucsa.067080	MYB
Cucsa.069500.1	Cucsa.069500	MYB
Cucsa.073130.1	Cucsa.073130	MYB
Cucsa.077160.1	Cucsa.077160	MYB
Cucsa.090310.1	Cucsa.090310	MYB
Cucsa.092250.1	Cucsa.092250	MYB
Cucsa.094180.1	Cucsa.094180	MYB
Cucsa.096800.1	Cucsa.096800	MYB
Cucsa.098700.1	Cucsa.098700	MYB
Cucsa.102710.1	Cucsa.102710	MYB
Cucsa.103200.1	Cucsa.103200	MYB
Cucsa.103470.1	Cucsa.103470	MYB
Cucsa.104340.1	Cucsa.104340	MYB
Cucsa.106050.1	Cucsa.106050	MYB
Cucsa.107730.1	Cucsa.107730	MYB
Cucsa.107740.2	Cucsa.107730	MYB
Cucsa.111120.1	Cucsa.111120	MYB
Cucsa.112050.1	Cucsa.112050	MYB
Cucsa.112760.1	Cucsa.112760	MYB
Cucsa.115620.1	Cucsa.115620	MYB
Cucsa.118450.1	Cucsa.118450	MYB
Cucsa.119640.1	Cucsa.119640	MYB
Cucsa.121070.1	Cucsa.121070	MYB
Cucsa.121500.1	Cucsa.121500	MYB
Cucsa.123440.1	Cucsa.123440	MYB
Cucsa.126220.1	Cucsa.126220	MYB
Cucsa.127860.1	Cucsa.127860	MYB
Cucsa.128620.1	Cucsa.128620	MYB
Cucsa.128620.2	Cucsa.128620	MYB
Cucsa.132300.1	Cucsa.132300	MYB
Cucsa.146980.1	Cucsa.146980	MYB
Cucsa.148040.1	Cucsa.148040	MYB
Cucsa.148090.1	Cucsa.148090	MYB
Cucsa.148580.1	Cucsa.148580	MYB
Cucsa.156340.1	Cucsa.156340	MYB
Cucsa.158170.1	Cucsa.158170	MYB
Cucsa.158340.1	Cucsa.158340	MYB
Cucsa.161430.1	Cucsa.161430	MYB
Cucsa.164580.1	Cucsa.164580	MYB
Cucsa.175460.1	Cucsa.175460	MYB
Cucsa.175460.2	Cucsa.175460	MYB
Cucsa.175460.3	Cucsa.175460	MYB
Cucsa.175460.4	Cucsa.175460	MYB
Cucsa.176140.1	Cucsa.176140	MYB
Cucsa.189540.1	Cucsa.189540	MYB
Cucsa.189540.2	Cucsa.189540	MYB
Cucsa.189540.3	Cucsa.189540	MYB
Cucsa.195180.1	Cucsa.195180	MYB
Cucsa.196550.1	Cucsa.196550	MYB
Cucsa.196850.1	Cucsa.196850	MYB
Cucsa.197410.1	Cucsa.197410	MYB
Cucsa.197670.1	Cucsa.197670	MYB
Cucsa.198920.1	Cucsa.198920	MYB
Cucsa.213500.1	Cucsa.213500	MYB
Cucsa.213510.1	Cucsa.213510	MYB
Cucsa.228000.1	Cucsa.228000	MYB
Cucsa.232630.1	Cucsa.232630	MYB
Cucsa.234310.1	Cucsa.234310	MYB
Cucsa.238540.1	Cucsa.238540	MYB
Cucsa.244650.1	Cucsa.244650	MYB
Cucsa.249860.1	Cucsa.249860	MYB
Cucsa.252400.1	Cucsa.252400	MYB
Cucsa.252700.1	Cucsa.252700	MYB
Cucsa.255900.1	Cucsa.255900	MYB
Cucsa.258270.1	Cucsa.258270	MYB
Cucsa.260500.1	Cucsa.260500	MYB
Cucsa.277570.1	Cucsa.277570	MYB
Cucsa.280970.1	Cucsa.280970	MYB
Cucsa.280970.2	Cucsa.280970	MYB
Cucsa.280970.3	Cucsa.280970	MYB
Cucsa.280970.4	Cucsa.280970	MYB
Cucsa.280970.5	Cucsa.280970	MYB
Cucsa.284980.1	Cucsa.284980	MYB
Cucsa.285270.1	Cucsa.285270	MYB
Cucsa.285270.2	Cucsa.285270	MYB
Cucsa.285270.3	Cucsa.285270	MYB
Cucsa.288590.1	Cucsa.288590	MYB
Cucsa.291780.1	Cucsa.291780	MYB
Cucsa.292610.1	Cucsa.292610	MYB
Cucsa.300720.1	Cucsa.300720	MYB
Cucsa.302180.1	Cucsa.302180	MYB
Cucsa.303440.1	Cucsa.303440	MYB
Cucsa.304110.1	Cucsa.304110	MYB
Cucsa.306580.1	Cucsa.306580	MYB
Cucsa.306690.1	Cucsa.306690	MYB
Cucsa.311420.1	Cucsa.311420	MYB
Cucsa.312940.1	Cucsa.312940	MYB
Cucsa.313950.1	Cucsa.313950	MYB
Cucsa.318610.1	Cucsa.318610	MYB
Cucsa.337000.1	Cucsa.337000	MYB
Cucsa.337320.1	Cucsa.337320	MYB
Cucsa.338590.1	Cucsa.338590	MYB
Cucsa.338960.1	Cucsa.338960	MYB
Cucsa.339230.1	Cucsa.339230	MYB
Cucsa.339770.1	Cucsa.339770	MYB
Cucsa.340790.1	Cucsa.340790	MYB
Cucsa.340790.2	Cucsa.340790	MYB
Cucsa.340960.1	Cucsa.340960	MYB
Cucsa.352560.1	Cucsa.352560	MYB
Cucsa.353120.1	Cucsa.353120	MYB
Cucsa.364400.1	Cucsa.364400	MYB
Cucsa.364590.1	Cucsa.364590	MYB
Cucsa.365190.1	Cucsa.365190	MYB
Cucsa.368410.1	Cucsa.368410	MYB
Cucsa.370600.1	Cucsa.370600	MYB
Cucsa.375180.1	Cucsa.375180	MYB
Cucsa.379880.2	Cucsa.379880	MYB
Cucsa.383230.1	Cucsa.383230	MYB
Cucsa.383620.1	Cucsa.383620	MYB
Cucsa.385830.1	Cucsa.385830	MYB
Cucsa.388490.1	Cucsa.388490	MYB
Cucsa.395300.1	Cucsa.395300	MYB
Cucsa.395340.1	Cucsa.395340	MYB
Cucsa.395890.1	Cucsa.395890	MYB
Cucsa.011410.1	Cucsa.011410	MYB_related
Cucsa.013980.1	Cucsa.013980	MYB_related
Cucsa.013980.2	Cucsa.013980	MYB_related
Cucsa.032910.1	Cucsa.032910	MYB_related
Cucsa.050010.1	Cucsa.050010	MYB_related
Cucsa.061660.1	Cucsa.061660	MYB_related
Cucsa.065330.1	Cucsa.065330	MYB_related
Cucsa.087250.1	Cucsa.087250	MYB_related
Cucsa.089670.1	Cucsa.089670	MYB_related
Cucsa.091230.1	Cucsa.091230	MYB_related
Cucsa.094040.1	Cucsa.094040	MYB_related
Cucsa.094830.1	Cucsa.094830	MYB_related
Cucsa.098110.1	Cucsa.098110	MYB_related
Cucsa.100070.1	Cucsa.100070	MYB_related
Cucsa.103240.1	Cucsa.103240	MYB_related
Cucsa.103240.2	Cucsa.103240	MYB_related
Cucsa.103240.3	Cucsa.103240	MYB_related
Cucsa.108150.1	Cucsa.108150	MYB_related
Cucsa.108150.2	Cucsa.108150	MYB_related
Cucsa.112530.1	Cucsa.112530	MYB_related
Cucsa.117790.1	Cucsa.117790	MYB_related
Cucsa.117790.2	Cucsa.117790	MYB_related
Cucsa.118910.1	Cucsa.118910	MYB_related
Cucsa.124550.1	Cucsa.124550	MYB_related
Cucsa.124550.10	Cucsa.124550	MYB_related
Cucsa.124550.11	Cucsa.124550	MYB_related
Cucsa.124550.12	Cucsa.124550	MYB_related
Cucsa.124550.2	Cucsa.124550	MYB_related
Cucsa.124550.5	Cucsa.124550	MYB_related
Cucsa.124550.6	Cucsa.124550	MYB_related
Cucsa.124550.7	Cucsa.124550	MYB_related
Cucsa.124550.8	Cucsa.124550	MYB_related
Cucsa.124550.9	Cucsa.124550	MYB_related
Cucsa.131250.1	Cucsa.131250	MYB_related
Cucsa.131250.2	Cucsa.131250	MYB_related
Cucsa.131250.5	Cucsa.131250	MYB_related
Cucsa.138770.1	Cucsa.138770	MYB_related
Cucsa.138770.2	Cucsa.138770	MYB_related
Cucsa.138770.3	Cucsa.138770	MYB_related
Cucsa.138770.4	Cucsa.138770	MYB_related
Cucsa.139090.1	Cucsa.139090	MYB_related
Cucsa.148070.1	Cucsa.148070	MYB_related
Cucsa.160570.1	Cucsa.160570	MYB_related
Cucsa.192960.1	Cucsa.192960	MYB_related
Cucsa.192960.2	Cucsa.192960	MYB_related
Cucsa.197320.1	Cucsa.197320	MYB_related
Cucsa.201970.1	Cucsa.201970	MYB_related
Cucsa.204850.1	Cucsa.204850	MYB_related
Cucsa.213500.2	Cucsa.213500	MYB_related
Cucsa.213500.3	Cucsa.213500	MYB_related
Cucsa.232170.1	Cucsa.232170	MYB_related
Cucsa.240590.1	Cucsa.240590	MYB_related
Cucsa.253300.1	Cucsa.253300	MYB_related
Cucsa.253300.3	Cucsa.253300	MYB_related
Cucsa.253300.4	Cucsa.253300	MYB_related
Cucsa.255390.1	Cucsa.255390	MYB_related
Cucsa.258660.1	Cucsa.258660	MYB_related
Cucsa.275510.1	Cucsa.275510	MYB_related
Cucsa.275510.2	Cucsa.275510	MYB_related
Cucsa.278220.1	Cucsa.278220	MYB_related
Cucsa.285620.1	Cucsa.285620	MYB_related
Cucsa.298390.1	Cucsa.298390	MYB_related
Cucsa.298390.2	Cucsa.298390	MYB_related
Cucsa.298390.6	Cucsa.298390	MYB_related
Cucsa.298390.8	Cucsa.298390	MYB_related
Cucsa.306790.1	Cucsa.306790	MYB_related
Cucsa.307250.1	Cucsa.307250	MYB_related
Cucsa.308240.1	Cucsa.308240	MYB_related
Cucsa.308240.2	Cucsa.308240	MYB_related
Cucsa.311930.1	Cucsa.311930	MYB_related
Cucsa.311940.2	Cucsa.311930	MYB_related
Cucsa.311970.5	Cucsa.311930	MYB_related
Cucsa.313510.1	Cucsa.313510	MYB_related
Cucsa.321060.1	Cucsa.321060	MYB_related
Cucsa.321060.2	Cucsa.321060	MYB_related
Cucsa.341020.1	Cucsa.341020	MYB_related
Cucsa.342360.1	Cucsa.342360	MYB_related
Cucsa.349800.1	Cucsa.349800	MYB_related
Cucsa.349800.2	Cucsa.349800	MYB_related
Cucsa.349800.3	Cucsa.349800	MYB_related
Cucsa.360310.1	Cucsa.360310	MYB_related
Cucsa.360310.2	Cucsa.360310	MYB_related
Cucsa.360310.3	Cucsa.360310	MYB_related
Cucsa.360310.5	Cucsa.360310	MYB_related
Cucsa.361050.1	Cucsa.361050	MYB_related
Cucsa.377630.1	Cucsa.377630	MYB_related
Cucsa.377640.1	Cucsa.377640	MYB_related
Cucsa.377650.1	Cucsa.377650	MYB_related
Cucsa.377670.1	Cucsa.377670	MYB_related
Cucsa.377690.1	Cucsa.377690	MYB_related
Cucsa.379880.1	Cucsa.379880	MYB_related
Cucsa.379880.3	Cucsa.379880	MYB_related
Cucsa.395160.1	Cucsa.395160	MYB_related
Cucsa.397260.1	Cucsa.397260	MYB_related
